Firm Name,WACC,COE,COD,year,has ren segment,number of segments
000539.SZ,,,0.0287845197090674,0,False,1
000629.SZ,0.0428378388443717,0.0562499999999999,0.0321442446233507,0,False,5
002545.SZ,0.0866333876076043,0.1265,0.0312421562742632,0,False,5
071320.KS,0.0178614717390517,0.0607031249999999,0.0175057438485064,0,True,3
2083.SE,0.0398356019039264,0.086875,0.0244991295133511,0,False,7
2380.HK,0.023833985132902,0.0409999999999999,0.0375930687925147,0,True,5
300772.SZ,0.0170882786213539,0.0905,0.0058842789267009,0,True,4
3038.T,0.013331345277746,0.0240312499999999,0.0029312958165647,0,False,5
5711.T,0.0574917966101615,0.17625,0.0104752658880521,0,False,6
600011.SS,,,0.0329881809670105,0,False,3
600025.SS,0.040415914608272,0.0784999999999999,0.0331239324141345,0,False,2
600116.SS,0.0494613199090678,0.0744999999999999,0.0342240664087618,0,False,4
600459.SS,0.0421606312717638,0.0594999999999999,0.0428465396059785,0,False,0
600674.SS,0.04825680048209,0.0622499999999999,0.0307494236948516,0,True,5
600795.SS,0.0288566986442025,0.149,0.0333442165627162,0,False,6
600886.SS,0.034082590986005,0.09075,0.0371306886774447,0,False,4
600905.SS,0.0368902391027298,0.0754999999999999,0.0314988278337583,0,True,3
600995.SS,0.0405302288461382,0.0529999999999999,0.0575503456736522,0,False,3
601088.SS,0.1149715903950934,0.175,0.0579034914403712,0,False,8
6013.T,0.0555387682690679,0.0991875,0.0068250781466738,0,False,5
601991.SS,0.0246037790137384,0.103,0.0355984448822094,0,False,3
603212.SS,0.0492327687886892,0.0652499999999999,0.039150902730437,0,False,7
6504.T,0.0447718953354935,0.0995625,0.0108438907356446,0,False,7
688599.SS,0.0246283352613786,0.0636249999999999,0.0172008462304954,0,False,5
8031.T,0.0531662629388555,0.11465625,0.0223412634717401,0,False,9
9505.T,0.022894691835057,0.15675,0.0055220428105126,0,False,4
9513.T,0.0581966133573757,0.16284375,0.0142523963007284,0,False,5
9531.T,0.0523853273771666,0.11359375,0.0117775927798888,0,False,5
A2.MI,0.0340958209765741,0.1705,0.0131459092860654,0,False,6
ACOx.TO,0.0386027577202015,0.1361875,0.0433002512733162,0,False,6
AEP.OQ,0.0360412839804375,0.0900624999999999,0.0308555673963415,0,False,6
AES.N,0.0223776755845476,0.08396875,0.0475359605072772,0,False,6
AEV.PS,0.0546903497767278,0.1095,0.0485198359065567,0,True,7
ALS.TO,0.0453521313151066,0.0613437499999999,0.0605000620981361,0,False,4
AP.PS,,,0.0537458577679365,0,False,4
AVA.N,0.0426681259312498,0.0925624999999999,0.0402740656930982,0,False,4
AVNT.NS,0.0215023442805183,0.0279374999999999,0.1119314082410521,0,False,6
AWR.N,0.0236151401844713,0.0384492187499999,0.0373071284816259,0,False,4
AY.OQ,0.0393176657786731,0.0796562499999999,0.0524290462980849,0,False,4
BEPC.N,0.0365821251689865,0.1215,0.0733006605582782,0,True,6
BEP_u.TO,0.0243855375239818,0.13296875,0.0480931953244913,0,False,6
BKH.N,0.0411105989110011,0.0834140625,0.0348299249776132,0,False,4
BN.N,0.0348789655178977,0.1825625,0.0474265911528268,0,False,6
BP.L,0.0403435467683604,0.1505,0.0333555583587119,0,False,5
CBAV3.SA,0.067677632056615,0.1355,0.0577302034483162,0,False,4
CMIG4.SA,0.0724213216280429,0.14425,0.0870849882312726,0,False,6
CMS.N,0.0292086668531266,0.0773437499999999,0.0362683438155136,0,False,3
CPFE3.SA,0.0459754982798911,0.12825,0.0636881850454303,0,True,6
CRBR.NS,0.0366577119725575,0.0447812499999999,0.0852461665032841,0,False,7
CSNA3.SA,0.0654462503322986,0.179,0.0623304200428057,0,False,7
CU.TO,0.0360597635695833,0.0921875,0.0423653301545585,0,False,6
DEHr.AT,0.0416193987273732,0.174625,0.0280824416450185,0,True,9
DUK.N,0.0381112708150184,0.0991484375,0.0330922757553966,0,False,5
EDP.LS,0.0298954771338146,0.12625,0.0337488816294434,0,False,6
ELE.MC,0.0168329689691768,0.11825,0.0128317561722062,0,False,4
ELET6.SA,0.0632349020747793,0.120125,0.07876424314984,0,False,4
EMA.TO,0.043122257754023,0.107140625,0.0387880495360635,0,False,6
ENAE.WA,0.0851933063714093,0.2022500000000001,0.0422652659997075,0,False,6
ENEI.MI,0.0300957341819477,0.167375,0.0289307303558714,0,False,9
ENGIE.PA,0.024167504189891,0.160375,0.0259242942957083,0,False,7
ENJSA.IS,0.1075383044200192,0.1245,0.2309332749700215,0,False,5
ENLT.TA,0.0272013079777258,0.0660312499999999,0.0258099208126788,0,False,5
EONGn.DE,0.0243484407607109,0.163625,0.0266334565994807,0,False,11
ETR.N,0.035716994312283,0.1020234375,0.0368192188794838,0,False,4
EXC.OQ,0.0395448070656621,0.09800390625,0.0361298377028714,0,False,6
FGEN.PS,0.0930357988118198,0.149,0.0456732834126514,0,False,8
FORTUM.HE,0.0378725956752873,0.0964375,0.0241949466130838,0,False,4
FTS.TO,0.0455885838177262,0.10021875,0.0395893617661842,0,False,10
GEG.HM,0.0560440104239064,0.097,0.060198707375508,0,False,5
GPSC.BK,,,0.0247785520222517,0,False,3
HDG.HM,0.0502811905092999,0.0652499999999999,0.0826228156028797,0,False,4
HE.N,0.0232629438448539,0.1395625,0.0270832443553099,0,False,3
HEGL.NS,0.1148819620297672,0.1481875,0.0351728688854865,0,True,3
HOLMb.ST,0.0590419395045294,0.0834999999999999,0.0206693809499892,0,False,7
IBE.MC,0.0378465094270896,0.1063125,0.0348564954982454,0,False,4
IDA.N,0.043276451659399,0.0834531249999999,0.0470748286918139,0,False,3
IDC.HN,0.0499401432320718,0.14225,0.0520089325654348,0,False,5
LIGT3.SA,0.0537010200932977,0.2265000000000001,0.0900766340083477,0,False,5
MGEE.OQ,0.0394672750916051,0.0727265624999999,0.0350820577116122,0,False,4
MPLF.PSX,0.0733859553284585,0.101,0.1512149771219143,0,False,1
NCLI.NS,0.0507357116168669,0.0764999999999999,0.0914094883350019,0,False,5
NEOE3.SA,0.0745303408142395,0.15125,0.0855270179234657,0,False,0
NRG.N,0.0321201854731352,0.15965625,0.0518721233984326,0,False,5
NTPC.NS,0.0532746517443005,0.10575,0.0479180039415105,0,False,4
ORK.OL,0.0472972266582808,0.0838749999999999,0.0217057064415658,0,False,11
PAFO.NS,0.0431593917364978,0.0411406249999999,0.1531553807919091,0,True,4
PC1.HM,0.0552206756033358,0.133,0.051075019605614,0,False,8
PEG.N,0.0325802284627258,0.0776406249999999,0.0309817464232856,0,False,3
PGRD.NS,0.0600213038237944,0.098125,0.0679532731427644,0,True,4
PIF.TO,0.1251494341224664,0.2047500000000001,0.0822674666894431,0,True,4
PTCI.NS,0.0747455029629625,0.165,0.0919817807340193,0,False,3
RATCH.BK,0.0394594191192837,0.0915,0.0010351376957253,0,False,4
RITS.NS,0.0451022320022078,0.10325,0.1322398394341118,0,False,6
RWEG.DE,0.032975006108797,0.1446171875,0.0466732751196923,0,False,7
SHEL.L,0.0934610965280662,0.20778125,0.0327585178113252,0,False,6
SO.N,0.0315051291483423,0.084890625,0.0351346655082536,0,False,6
SPI.OQ,0.0351242331041346,0.1990000000000001,0.054706392298216,0,False,4
SRG.MI,0.0279039101268849,0.1075,0.0100739763460135,0,False,6
SSE.L,0.0414189294457503,0.09590625,0.0404158001190724,0,False,10
SVT.L,0.0272504539778354,0.0525312499999999,0.0486088864263176,0,False,4
SXC.N,0.0637966790756765,0.1375625,0.0601277715144682,0,False,5
TA.TO,0.0164657748946317,0.0502109374999999,0.0501076637352961,0,False,7
TCIL.NS,0.0644296871198647,0.0749374999999999,0.0951317182880889,0,False,6
TTPW.NS,0.0441863737922448,0.0935,0.0782425757267663,0,True,5
UN01.DE,0.0074308486524568,0.145,0.0346124545142118,0,False,3
UNACEMC1.LM,0.0546063078419129,0.092,0.0476822411428179,0,False,5
VERB.VI,0.0299584049875539,0.0709296874999999,0.0171101554039718,0,False,6
XEL.OQ,0.0337620007237938,0.0821015624999999,0.0359830951901791,0,False,3
000539.SZ,,,0.0287845197090674,-1,False,1
000629.SZ,0.041342480049736,0.0542499999999999,0.0321442446233507,-1,False,5
002545.SZ,0.0890662598949331,0.13025,0.0312421562742632,-1,False,5
071320.KS,0.0123296084734191,0.0314140624999999,0.0175057438485064,-1,True,3
2083.SE,0.0400908473586519,0.087625,0.0244991295133511,-1,False,7
2380.HK,0.0199811948786486,0.0197499999999999,0.0375930687925147,-1,True,5
300772.SZ,0.022659606533066,0.12325,0.0058842789267009,-1,True,3
3038.T,0.0133292386871205,0.0240273437499999,0.0029312958165647,-1,False,5
5711.T,0.0683316578596627,0.2108125000000001,0.0104752658880521,-1,False,7
600011.SS,,,0.0329881809670105,-1,False,3
600025.SS,0.0392831000344016,0.0749999999999999,0.0331239324141345,-1,False,2
600116.SS,0.0473877459420645,0.0704999999999999,0.0342240664087618,-1,False,4
600459.SS,0.0454659355335829,0.0661249999999999,0.0428465396059785,-1,False,0
600674.SS,0.0457845307978578,0.0582499999999999,0.0307494236948516,-1,True,5
600795.SS,0.0278259925859707,0.1395,0.0333442165627162,-1,False,6
600886.SS,0.0308132953332428,0.0734999999999999,0.0371306886774447,-1,False,4
600905.SS,0.0330040080729819,0.0622499999999999,0.0314988278337583,-1,True,4
600995.SS,0.0386367648358224,0.0491249999999999,0.0575503456736522,-1,False,3
601088.SS,0.1021444378823208,0.15475,0.0579034914403712,-1,False,8
6013.T,0.0641815963933723,0.114625,0.0068250781466738,-1,False,5
601991.SS,0.0227408478620199,0.0829999999999999,0.0355984448822094,-1,False,3
603212.SS,0.0312082999484491,0.0353749999999999,0.039150902730437,-1,False,8
6504.T,0.0473772087812835,0.105515625,0.0108438907356446,-1,False,7
688599.SS,0.0297882203678687,0.0812499999999999,0.0172008462304954,-1,False,5
8031.T,0.0450931985647961,0.09515625,0.0223412634717401,-1,False,9
9505.T,0.0216013629035336,0.14675,0.0055220428105126,-1,False,4
9513.T,0.0550012199905423,0.1529375,0.0142523963007284,-1,False,5
9531.T,0.0521133677172547,0.11296875,0.0117775927798888,-1,False,8
A2.MI,0.0323622832782542,0.161,0.0131459092860654,-1,False,6
ACOx.TO,0.0387783760142485,0.13715625,0.0433002512733162,-1,False,6
AEP.OQ,0.0343973574124656,0.0836484374999999,0.0308555673963415,-1,False,6
AES.N,0.0220943764910199,0.0771718749999999,0.0475359605072772,-1,False,6
AEV.PS,0.0523915141861349,0.10225,0.0485198359065567,-1,True,7
ALS.TO,0.0571085763293523,0.0802187499999999,0.0605000620981361,-1,False,4
AP.PS,,,0.0537458577679365,-1,False,4
AVA.N,0.0428992761146037,0.093296875,0.0402740656930982,-1,False,4
AVNT.NS,0.0323019869201613,0.0420312499999999,0.1119314082410521,-1,False,6
AWR.N,0.0235783547919654,0.0383437499999999,0.0373071284816259,-1,False,4
AY.OQ,0.0417842529114063,0.0936875,0.0524290462980849,-1,False,4
BEPC.N,0.0390030349765544,0.13934375,0.0733006605582782,-1,True,6
BEP_u.TO,0.023942306253217,0.12603125,0.0480931953244913,-1,False,6
BKH.N,0.0413271044889829,0.0841093749999999,0.0348299249776132,-1,False,4
BN.N,0.0352632344920731,0.1868437500000001,0.0474265911528268,-1,False,7
BP.L,0.035597180670901,0.13025,0.0333555583587119,-1,False,6
CBAV3.SA,0.0616583017346235,0.121,0.0577302034483162,-1,False,4
CMIG4.SA,0.0689723810795658,0.13575,0.0870849882312726,-1,False,6
CMS.N,0.0293525015240512,0.0780078124999999,0.0362683438155136,-1,False,3
CPFE3.SA,0.0443189018645523,0.121,0.0636881850454303,-1,True,6
CRBR.NS,0.0410823314555143,0.0509374999999999,0.0852461665032841,-1,False,7
CSNA3.SA,0.068015029552467,0.19025,0.0623304200428057,-1,False,7
CU.TO,0.0362333835295359,0.09290625,0.0423653301545585,-1,False,6
DEHr.AT,0.0394157783570336,0.1640625,0.0280824416450185,-1,True,7
DUK.N,0.0363182606963117,0.09240625,0.0330922757553966,-1,False,4
EDP.LS,0.0287014128891432,0.118625,0.0337488816294434,-1,False,6
ELE.MC,0.0159589127045714,0.110375,0.0128317561722062,-1,False,4
ELET6.SA,0.0608323346326352,0.11425,0.07876424314984,-1,False,4
EMA.TO,0.0413285476991692,0.100015625,0.0387880495360635,-1,False,6
ENAE.WA,0.0805244803201971,0.1905,0.0422652659997075,-1,False,6
ENEI.MI,0.0290029167671638,0.159,0.0289307303558714,-1,False,9
ENGIE.PA,0.0243149308322113,0.1615,0.0259242942957083,-1,False,7
ENJSA.IS,0.1045314578563137,0.11625,0.2309332749700215,-1,False,4
ENLT.TA,0.0264403654227917,0.0626874999999999,0.0258099208126788,-1,False,5
EONGn.DE,0.0244746874120552,0.1646875,0.0266334565994807,-1,False,11
ETR.N,0.0341955721553862,0.0951484375,0.0368192188794838,-1,False,4
EXC.OQ,0.0377677731560249,0.09115625,0.0361298377028714,-1,False,6
FGEN.PS,0.0798702880515109,0.125,0.0456732834126514,-1,False,8
FORTUM.HE,0.0355002551372618,0.089125,0.0241949466130838,-1,False,7
FTS.TO,0.0435309017611365,0.09340625,0.0395893617661842,-1,False,11
GEG.HM,0.0550444424547239,0.093,0.060198707375508,-1,False,5
GPSC.BK,,,0.0247785520222517,-1,False,3
HDG.HM,0.0566886421136801,0.0834999999999999,0.0826228156028797,-1,False,5
HE.N,0.0220773634582621,0.130796875,0.0270832443553099,-1,False,3
HEGL.NS,0.1198646430194693,0.1548125,0.0351728688854865,-1,True,3
HOLMb.ST,0.055479767215861,0.0784062499999999,0.0206693809499892,-1,False,7
IBE.MC,0.0356894090113578,0.0984375,0.0348564954982454,-1,False,4
IDA.N,0.040950501287557,0.0772031249999999,0.0470748286918139,-1,False,3
IDC.HN,0.0519024731496312,0.149,0.0520089325654348,-1,False,5
LIGT3.SA,0.0522849021915364,0.2145000000000001,0.0900766340083477,-1,False,5
MGEE.OQ,0.0370001735179337,0.0669843749999999,0.0350820577116122,-1,False,4
MPLF.PSX,0.1001309424176315,0.151,0.1512149771219143,-1,False,3
NCLI.NS,0.0716905792410177,0.117875,0.0914094883350019,-1,False,6
NEOE3.SA,0.0718149643437787,0.141875,0.0855270179234657,-1,False,0
NRG.N,0.0308847801001852,0.15025,0.0518721233984326,-1,False,5
NTPC.NS,0.0470681123054461,0.08725,0.0479180039415105,-1,False,4
ORK.OL,0.0517541163708169,0.0925,0.0217057064415658,-1,False,10
PAFO.NS,0.0463541055826531,0.0454374999999999,0.1531553807919091,-1,True,4
PC1.HM,0.039522702399922,0.0662499999999999,0.051075019605614,-1,False,6
PEG.N,0.0327519536849229,0.0782499999999999,0.0309817464232856,-1,False,4
PGRD.NS,0.0578240169413468,0.0915,0.0679532731427644,-1,True,4
PIF.TO,0.124645461048174,0.2037500000000001,0.0822674666894431,-1,True,3
PTCI.NS,0.0673515109246693,0.1405,0.0919817807340193,-1,False,3
RATCH.BK,0.0322005166726426,0.0744999999999999,0.0010351376957253,-1,False,4
RITS.NS,0.0420504147047711,0.09625,0.1322398394341118,-1,False,6
RWEG.DE,0.0331849265876202,0.145671875,0.0466732751196923,-1,False,7
SHEL.L,0.0636208457741567,0.138375,0.0327585178113252,-1,False,5
SO.N,0.0301420035506374,0.0788437499999999,0.0351346655082536,-1,False,6
SPI.OQ,0.0315367214747181,0.131,0.054706392298216,-1,True,4
SRG.MI,0.0241863939968568,0.091375,0.0100739763460135,-1,False,5
SSE.L,0.0390969389776213,0.0885312499999999,0.0404158001190724,-1,False,10
SVT.L,0.0272429639172523,0.0524374999999999,0.0486088864263176,-1,False,4
SXC.N,0.0727110994793995,0.16275,0.0601277715144682,-1,False,5
TA.TO,0.0163409523687961,0.0422304687499999,0.0501076637352961,-1,False,7
TCIL.NS,0.0661528255628105,0.0770624999999999,0.0951317182880889,-1,False,6
TTPW.NS,0.0425883062200214,0.086375,0.0782425757267663,-1,True,5
UN01.DE,0.0074613029771438,0.145875,0.0346124545142118,-1,False,3
UNACEMC1.LM,0.0759846339250212,0.137,0.0476822411428179,-1,False,5
VERB.VI,0.0279397136623666,0.0656484374999999,0.0171101554039718,-1,False,6
XEL.OQ,0.0320821657530888,0.0759374999999999,0.0359830951901791,-1,False,3
000539.SZ,0.0277573358383549,0.09625,0.0287845197090674,-2,False,1
000629.SZ,0.0230243348154495,0.0297499999999999,0.0321442446233507,-2,False,5
002545.SZ,0.0593852179895224,0.0844999999999999,0.0312421562742632,-2,False,5
071320.KS,0.0340719411538929,0.14653125,0.0175057438485064,-2,True,3
2083.SE,0.0378999905389241,0.0811875,0.0244991295133511,-2,False,7
2380.HK,0.0358002983931715,0.107,0.0375930687925147,-2,True,4
300772.SZ,0.0208308500429621,0.1125,0.0058842789267009,-2,True,3
3038.T,0.012981651233924,0.0233828124999999,0.0029312958165647,-2,False,6
5711.T,0.0381741053599203,0.11465625,0.0104752658880521,-2,False,7
600011.SS,0.0228545551323836,0.09225,0.0329881809670105,-2,False,3
600025.SS,0.0355609950059705,0.0634999999999999,0.0331239324141345,-2,False,2
600116.SS,0.0536084678430746,0.0824999999999999,0.0342240664087618,-2,False,5
600459.SS,0.0268502124740921,0.0288124999999999,0.0428465396059785,-2,False,0
600674.SS,0.0527377892847609,0.0694999999999999,0.0307494236948516,-2,False,5
600795.SS,0.0282057263968982,0.143,0.0333442165627162,-2,False,6
600886.SS,0.033466636732586,0.0875,0.0371306886774447,-2,False,4
600905.SS,0.0313175304562988,0.0564999999999999,0.0314988278337583,-2,False,0
600995.SS,0.0438896004773436,0.0598749999999999,0.0575503456736522,-2,False,4
601088.SS,0.0695222969239117,0.10325,0.0579034914403712,-2,False,8
6013.T,0.0560636363737828,0.100125,0.0068250781466738,-2,False,5
601991.SS,0.0242311927833947,0.099,0.0355984448822094,-2,False,3
603212.SS,0.0358086873930292,0.0429999999999999,0.039150902730437,-2,False,7
6504.T,0.0412981440744403,0.091625,0.0108438907356446,-2,False,7
688599.SS,0.0285073978237045,0.0768749999999999,0.0172008462304954,-2,False,4
8031.T,0.0374535438967159,0.0767031249999999,0.0223412634717401,-2,False,9
9505.T,0.0219731949713466,0.149625,0.0055220428105126,-2,False,4
9513.T,0.0559185095690339,0.15578125,0.0142523963007284,-2,False,5
9531.T,0.0475036514817479,0.102375,0.0117775927798888,-2,False,8
A2.MI,0.032818477409391,0.1635,0.0131459092860654,-2,False,6
ACOx.TO,0.0372601275366811,0.12878125,0.0433002512733162,-2,False,6
AEP.OQ,0.0348679088661482,0.085484375,0.0308555673963415,-2,False,6
AES.N,0.0221744817519484,0.0790937499999999,0.0475359605072772,-2,False,6
AEV.PS,0.0531049459211465,0.1045,0.0485198359065567,-2,True,7
ALS.TO,0.0270702753885663,0.0319921874999999,0.0605000620981361,-2,False,4
AP.PS,0.0554149314444511,0.0865,0.0537458577679365,-2,False,4
AVA.N,0.0408976138885391,0.0869375,0.0402740656930982,-2,False,4
AVNT.NS,0.05038121129473,0.0656249999999999,0.1119314082410521,-2,False,4
AWR.N,0.0246056209382406,0.0412890624999999,0.0373071284816259,-2,False,3
AY.OQ,0.0353595899899553,0.0571406249999999,0.0524290462980849,-2,False,4
BEPC.N,0.0325628213203449,0.091875,0.0733006605582782,-2,True,6
BEP_u.TO,0.0251721732027265,0.14528125,0.0480931953244913,-2,False,6
BKH.N,0.0394393704607366,0.0780468749999999,0.0348299249776132,-2,False,7
BN.N,0.0342254277734973,0.17528125,0.0474265911528268,-2,False,7
BP.L,0.0159232002113702,0.0463124999999999,0.0333555583587119,-2,False,5
CBAV3.SA,0.0445343447841306,0.0797499999999999,0.0577302034483162,-2,False,4
CMIG4.SA,0.0700882147864261,0.1385,0.0870849882312726,-2,False,6
CMS.N,0.0281121390089012,0.0722812499999999,0.0362683438155136,-2,False,3
CPFE3.SA,0.0447758939791286,0.123,0.0636881850454303,-2,True,5
CRBR.NS,0.0313571525919595,0.0374062499999999,0.0852461665032841,-2,False,6
CSNA3.SA,0.0516319265260592,0.1185,0.0623304200428057,-2,False,7
CU.TO,0.0347613882168937,0.0868124999999999,0.0423653301545585,-2,False,6
DEHr.AT,0.0400546978726942,0.167125,0.0280824416450185,-2,True,7
DUK.N,0.0368335173700536,0.09434375,0.0330922757553966,-2,False,4
EDP.LS,0.0290341848917565,0.12075,0.0337488816294434,-2,False,6
ELE.MC,0.0162086430658872,0.112625,0.0128317561722062,-2,False,4
ELET6.SA,0.0674266154844774,0.130375,0.07876424314984,-2,False,4
EMA.TO,0.0418438459824715,0.1020625,0.0387880495360635,-2,False,6
ENAE.WA,0.0817165210141236,0.1935000000000001,0.0422652659997075,-2,False,6
ENEI.MI,0.0293291309208306,0.1615,0.0289307303558714,-2,False,10
ENGIE.PA,0.0230290428964178,0.1516875,0.0259242942957083,-2,False,7
ENJSA.IS,0.1053515069191425,0.1185,0.2309332749700215,-2,False,4
ENLT.TA,0.0239548567970956,0.0517656249999999,0.0258099208126788,-2,False,4
EONGn.DE,0.0233681726443904,0.155375,0.0266334565994807,-2,False,12
ETR.N,0.0346321165810867,0.09712109375,0.0368192188794838,-2,False,4
EXC.OQ,0.0382786830764226,0.093125,0.0361298377028714,-2,False,6
FGEN.PS,0.090841547018435,0.145,0.0456732834126514,-2,False,8
FORTUM.HE,0.0361693768274741,0.0911875,0.0241949466130838,-2,False,8
FTS.TO,0.0441208335434156,0.095359375,0.0395893617661842,-2,False,10
GEG.HM,0.0514210085664376,0.0784999999999999,0.060198707375508,-2,False,5
GPSC.BK,0.0290254812553252,0.0544999999999999,0.0247785520222517,-2,False,3
HDG.HM,0.054582082682103,0.0774999999999999,0.0826228156028797,-2,False,5
HE.N,0.0224176102358758,0.1333125,0.0270832443553099,-2,False,3
HEGL.NS,0.1081600433361125,0.13925,0.0351728688854865,-2,True,3
HOLMb.ST,0.0502894855069116,0.0709843749999999,0.0206693809499892,-2,False,6
IBE.MC,0.0363057234158526,0.1006875,0.0348564954982454,-2,False,4
IDA.N,0.0416148508625144,0.0789882812499999,0.0470748286918139,-2,False,3
IDC.HN,0.0441985112510649,0.1225,0.0520089325654348,-2,False,0
LIGT3.SA,0.0526389316669767,0.2175000000000001,0.0900766340083477,-2,False,5
MGEE.OQ,0.0377050596818398,0.0686249999999999,0.0350820577116122,-2,False,4
MPLF.PSX,0.1012007419011984,0.153,0.1512149771219143,-2,False,3
NCLI.NS,0.072007118026881,0.1185,0.0914094883350019,-2,False,6
NEOE3.SA,0.0725752697555077,0.1445,0.0855270179234657,-2,False,0
NRG.N,0.0312377530638852,0.1529375,0.0518721233984326,-2,False,4
NTPC.NS,0.052184313734772,0.1025,0.0479180039415105,-2,False,2
ORK.OL,0.0498809308394612,0.088875,0.0217057064415658,-2,False,10
PAFO.NS,0.045215625739296,0.0439062499999999,0.1531553807919091,-2,False,7
PC1.HM,0.0478714372122244,0.10175,0.051075019605614,-2,False,6
PEG.N,0.0312548620042299,0.0729374999999999,0.0309817464232856,-2,False,4
PGRD.NS,0.0584873488303876,0.0935,0.0679532731427644,-2,True,4
PIF.TO,0.1230075485567238,0.2005000000000001,0.0822674666894431,-2,True,3
PTCI.NS,0.0735383205893636,0.161,0.0919817807340193,-2,False,3
RATCH.BK,0.0381784363345823,0.0885,0.0010351376957253,-2,False,4
RITS.NS,0.0379086626582499,0.08675,0.1322398394341118,-2,False,6
RWEG.DE,0.0313656157711523,0.13653125,0.0466732751196923,-2,False,7
SHEL.L,0.0337940305226127,0.0689999999999999,0.0327585178113252,-2,False,5
SO.N,0.0305329775592815,0.0805781249999999,0.0351346655082536,-2,False,6
SPI.OQ,0.0325127356680153,0.1495,0.054706392298216,-2,True,1
SRG.MI,0.0229760399080105,0.086125,0.0100739763460135,-2,False,4
SSE.L,0.0397561481359461,0.090625,0.0404158001190724,-2,False,10
SVT.L,0.0274476922398574,0.0549999999999999,0.0486088864263176,-2,False,4
SXC.N,0.0301629911752776,0.0425312499999999,0.0601277715144682,-2,False,5
TA.TO,0.0164514780414523,0.0492968749999999,0.0501076637352961,-2,False,7
TCIL.NS,0.0520636347646063,0.0596874999999999,0.0951317182880889,-2,False,6
TTPW.NS,0.0430649228643688,0.0885,0.0782425757267663,-2,True,5
UN01.DE,0.0071437078768367,0.13675,0.0346124545142118,-2,False,4
UNACEMC1.LM,0.0759846339250212,0.137,0.0476822411428179,-2,False,5
VERB.VI,0.0285160560081671,0.0671562499999999,0.0171101554039718,-2,False,6
XEL.OQ,0.0325612061439743,0.0776953124999999,0.0359830951901791,-2,False,4
000539.SZ,0.021070473880559,0.0529999999999999,0.0287845197090674,-5,False,2
000629.SZ,0.0404078808030888,0.0529999999999999,0.0321442446233507,-5,False,4
002545.SZ,0.0619802817626731,0.0885,0.0312421562742632,-5,False,6
071320.KS,0.0234567839565173,0.090328125,0.0175057438485064,-5,True,3
2083.SE,0.0421966223601379,0.0938125,0.0244991295133511,-5,False,0
2380.HK,0.0278227562196585,0.0629999999999999,0.0375930687925147,-5,True,4
300772.SZ,0.0182790968009565,0.0975,0.0058842789267009,-5,False,0
3038.T,0.0142203265216789,0.0256796874999999,0.0029312958165647,-5,False,6
5711.T,0.0614807871423016,0.18896875,0.0104752658880521,-5,False,7
600011.SS,0.0187959115822545,0.0502499999999999,0.0329881809670105,-5,False,3
600025.SS,0.033861773145165,0.0582499999999999,0.0331239324141345,-5,False,2
600116.SS,0.0536084678430746,0.0824999999999999,0.0342240664087618,-5,False,6
600459.SS,0.0254781993842804,0.0260624999999999,0.0428465396059785,-5,False,7
600674.SS,0.0528923061400254,0.0697499999999999,0.0307494236948516,-5,False,3
600795.SS,0.0275547541495939,0.137,0.0333442165627162,-5,False,6
600886.SS,0.0335140178290029,0.08775,0.0371306886774447,-5,False,3
600905.SS,0.0374768400128804,0.0774999999999999,0.0314988278337583,-5,False,0
600995.SS,0.0440117594457511,0.0601249999999999,0.0575503456736522,-5,False,3
601088.SS,0.0798156909156427,0.1195,0.0579034914403712,-5,False,8
6013.T,0.0633418074258286,0.113125,0.0068250781466738,-5,False,5
601991.SS,0.0242311927833947,0.099,0.0355984448822094,-5,False,3
603212.SS,0.0321510022936499,0.0369374999999999,0.039150902730437,-5,False,4
6504.T,0.0483482179920503,0.107734375,0.0108438907356446,-5,False,7
688599.SS,0.0190293109968894,0.0444999999999999,0.0172008462304954,-5,False,5
8031.T,0.0498801117353121,0.10671875,0.0223412634717401,-5,False,0
9505.T,0.0212780306706527,0.14425,0.0055220428105126,-5,False,3
9513.T,0.0541746513593741,0.150375,0.0142523963007284,-5,False,5
9531.T,0.0490402235602502,0.10590625,0.0117775927798888,-5,False,8
A2.MI,0.0319060891471174,0.1585,0.0131459092860654,-5,False,8
ACOx.TO,0.0402059827916626,0.14503125,0.0433002512733162,-5,False,5
AEP.OQ,0.0339688552376227,0.0819765624999999,0.0308555673963415,-5,False,7
AES.N,0.0220207838529312,0.0754062499999999,0.0475359605072772,-5,False,6
AEV.PS,0.0517573526439023,0.10025,0.0485198359065567,-5,True,6
ALS.TO,0.0495758872225425,0.0681249999999999,0.0605000620981361,-5,False,0
AP.PS,0.0421329405567458,0.0489999999999999,0.0537458577679365,-5,False,4
AVA.N,0.0447927403825026,0.0993125,0.0402740656930982,-5,False,4
AVNT.NS,0.0589059846422087,0.0767499999999999,0.1119314082410521,-5,False,3
AWR.N,0.0280457363485124,0.0511523437499999,0.0373071284816259,-5,False,4
AY.OQ,0.0453467957968795,0.113953125,0.0524290462980849,-5,False,4
BEPC.N,0.0424118116583138,0.16446875,0.0733006605582782,-5,True,5
BEP_u.TO,0.0251931368439113,0.145609375,0.0480931953244913,-5,False,5
BKH.N,0.0431223979333719,0.089875,0.0348299249776132,-5,False,7
BN.N,0.0367021394829633,0.202875,0.0474265911528268,-5,False,7
BP.L,0.0313635393061918,0.1121875,0.0333555583587119,-5,False,5
CBAV3.SA,0.0505017843274842,0.094125,0.0577302034483162,-5,False,0
CMIG4.SA,0.0681608656563948,0.13375,0.0870849882312726,-5,False,7
CMS.N,0.0305319458256332,0.0834531249999999,0.0362683438155136,-5,False,4
CPFE3.SA,0.0438904717571372,0.119125,0.0636881850454303,-5,True,6
CRBR.NS,0.0365454119856804,0.0446249999999999,0.0852461665032841,-5,False,5
CSNA3.SA,0.0567694849663962,0.141,0.0623304200428057,-5,False,7
CU.TO,0.0376147945152463,0.098625,0.0423653301545585,-5,False,4
DEHr.AT,0.038829015536529,0.16125,0.0280824416450185,-5,True,8
DUK.N,0.0358487122758857,0.090640625,0.0330922757553966,-5,False,5
EDP.LS,0.028388215710213,0.116625,0.0337488816294434,-5,True,6
ELE.MC,0.0157299932066985,0.1083125,0.0128317561722062,-5,False,4
ELET6.SA,0.0675288523969091,0.130625,0.07876424314984,-5,False,5
EMA.TO,0.0408604523120472,0.09815625,0.0387880495360635,-5,False,8
ENAE.WA,0.0792331029017767,0.18725,0.0422652659997075,-5,False,6
ENEI.MI,0.0287093240288637,0.15675,0.0289307303558714,-5,False,7
ENGIE.PA,0.0255352958158624,0.1708125,0.0259242942957083,-5,False,9
ENJSA.IS,0.1038025253560215,0.11425,0.2309332749700215,-5,False,4
ENLT.TA,0.0227672174823853,0.0465468749999999,0.0258099208126788,-5,False,3
EONGn.DE,0.0255143657172437,0.1734375,0.0266334565994807,-5,False,11
ETR.N,0.0337979277280154,0.0933515625,0.0368192188794838,-5,False,4
EXC.OQ,0.0373055213232841,0.089375,0.0361298377028714,-5,False,7
FGEN.PS,0.090841547018435,0.145,0.0456732834126514,-5,False,8
FORTUM.HE,0.0348818244841867,0.08721875,0.0241949466130838,-5,False,7
FTS.TO,0.0429928839756979,0.091625,0.0395893617661842,-5,False,11
GEG.HM,0.0496717646203684,0.0714999999999999,0.060198707375508,-5,False,0
GPSC.BK,0.0202318085817219,0.0302499999999999,0.0247785520222517,-5,False,4
HDG.HM,0.0647637866013921,0.1065,0.0826228156028797,-5,False,5
HE.N,0.0217667033569627,0.1285,0.0270832443553099,-5,False,3
HEGL.NS,0.1216978935722843,0.15725,0.0351728688854865,-5,True,3
HOLMb.ST,0.0544799550550844,0.0769765624999999,0.0206693809499892,-5,False,6
IBE.MC,0.0351330140628555,0.09640625,0.0348564954982454,-5,False,4
IDA.N,0.0403428467529133,0.0755703124999999,0.0470748286918139,-5,False,3
IDC.HN,0.0519024731496312,0.149,0.0520089325654348,-5,False,0
LIGT3.SA,0.0518718678035227,0.2110000000000001,0.0900766340083477,-5,False,6
MGEE.OQ,0.0363607410692475,0.0654960937499999,0.0350820577116122,-5,False,6
MPLF.PSX,0.0894329475819623,0.131,0.1512149771219143,-5,False,0
NCLI.NS,0.0632706475370538,0.10125,0.0914094883350019,-5,False,6
NEOE3.SA,0.0711270689712619,0.1395,0.0855270179234657,-5,False,0
NRG.N,0.0305605374939957,0.14778125,0.0518721233984326,-5,False,4
NTPC.NS,0.052184313734772,0.1025,0.0479180039415105,-5,False,3
ORK.OL,0.0346047798682323,0.0593124999999999,0.0217057064415658,-5,False,9
PAFO.NS,0.0468652597980379,0.0461249999999999,0.1531553807919091,-5,False,0
PC1.HM,0.0447553601343932,0.0885,0.051075019605614,-5,False,5
PEG.N,0.0341653843599301,0.0832656249999999,0.0309817464232856,-5,False,4
PGRD.NS,0.0572436015384362,0.08975,0.0679532731427644,-5,True,4
PIF.TO,0.121999602408139,0.1985000000000001,0.0822674666894431,-5,True,3
PTCI.NS,0.0735383205893636,0.161,0.0919817807340193,-5,False,3
RATCH.BK,0.0381784363345823,0.0885,0.0010351376957253,-5,False,4
RITS.NS,0.0406879962684154,0.093125,0.1322398394341118,-5,False,0
RWEG.DE,0.0349047195474609,0.1543125,0.0466732751196923,-5,False,5
SHEL.L,0.0510855220670889,0.10921875,0.0327585178113252,-5,False,4
SO.N,0.029786252425655,0.0772656249999999,0.0351346655082536,-5,False,6
SPI.OQ,0.0317477515705662,0.135,0.054706392298216,-5,False,0
SRG.MI,0.0281344537628556,0.1085,0.0100739763460135,-5,False,4
SSE.L,0.038496763475266,0.086625,0.0404158001190724,-5,False,4
SVT.L,0.0280718639551167,0.0628124999999999,0.0486088864263176,-5,False,2
SXC.N,0.052316321285274,0.105125,0.0601277715144682,-5,False,7
TA.TO,0.0164524556040629,0.0493593749999999,0.0501076637352961,-5,False,8
TCIL.NS,0.0486680384211542,0.0554999999999999,0.0951317182880889,-5,False,6
TTPW.NS,0.0421677621220679,0.0844999999999999,0.0782425757267663,-5,False,3
UN01.DE,0.007770196841826,0.15475,0.0346124545142118,-5,False,4
UNACEMC1.LM,0.0674333034917779,0.119,0.0476822411428179,-5,False,5
VERB.VI,0.0274111509929019,0.0642656249999999,0.0171101554039718,-5,False,5
XEL.OQ,0.031645706730282,0.0743359374999999,0.0359830951901791,-5,False,4
000539.SZ,0.0293034310887123,0.10625,0.0287845197090674,-6,False,4
000629.SZ,0.0307815085626219,0.0401249999999999,0.0321442446233507,-6,False,5
002545.SZ,0.0496537288402074,0.0694999999999999,0.0312421562742632,-6,False,5
071320.KS,0.035883925173684,0.156125,0.0175057438485064,-6,True,3
2083.SE,0.0406226087226636,0.0891875,0.0244991295133511,-6,False,0
2380.HK,0.0369787989415314,0.1135,0.0375930687925147,-6,True,3
300772.SZ,0.0258067688648729,0.14175,0.0058842789267009,-6,False,0
3038.T,0.0149028618843193,0.0269453124999999,0.0029312958165647,-6,False,5
5711.T,0.0403499183774513,0.12159375,0.0104752658880521,-6,False,7
600011.SS,0.0237725816496747,0.10175,0.0329881809670105,-6,False,3
600025.SS,0.0328098738979997,0.0549999999999999,0.0331239324141345,-6,False,2
600116.SS,0.0552932466912648,0.0857499999999999,0.0342240664087618,-6,False,6
600459.SS,0.033554367344763,0.0422499999999999,0.0428465396059785,-6,False,0
600674.SS,0.0547465084031995,0.0727499999999999,0.0307494236948516,-6,False,3
600795.SS,0.02771749721142,0.1385,0.0333442165627162,-6,False,6
600886.SS,0.0367833134817651,0.105,0.0371306886774447,-6,False,3
600905.SS,0.0295577277258469,0.0504999999999999,0.0314988278337583,-6,False,0
600995.SS,0.0454776670666408,0.0631249999999999,0.0575503456736522,-6,False,3
601088.SS,0.054636465612793,0.0797499999999999,0.0579034914403712,-6,False,8
6013.T,0.0591078713811289,0.1055625,0.0068250781466738,-6,False,5
601991.SS,0.0260941239351132,0.119,0.0355984448822094,-6,False,3
603212.SS,0.0320378780122258,0.0367499999999999,0.039150902730437,-6,False,0
6504.T,0.043240162495974,0.0960625,0.0108438907356446,-6,False,7
688599.SS,,,0.0172008462304954,-6,False,0
8031.T,0.0472214342852012,0.100296875,0.0223412634717401,-6,False,9
9505.T,0.0213426971172289,0.14475,0.0055220428105126,-6,False,3
9513.T,0.0543359330435044,0.150875,0.0142523963007284,-6,False,5
9531.T,0.0476532292946995,0.10271875,0.0117775927798888,-6,False,8
A2.MI,0.0319973279733448,0.159,0.0131459092860654,-6,False,7
ACOx.TO,0.0391381102617318,0.139140625,0.0433002512733162,-6,False,5
AEP.OQ,0.034056958488525,0.0823203124999999,0.0308555673963415,-6,False,7
AES.N,0.0220357628854625,0.0757656249999999,0.0475359605072772,-6,False,6
AEV.PS,0.0518366228366814,0.1005,0.0485198359065567,-6,True,5
ALS.TO,0.0289339833523313,0.0349843749999999,0.0605000620981361,-6,False,0
AP.PS,0.0584255160456643,0.095,0.0537458577679365,-6,False,4
AVA.N,0.043376330748334,0.0948125,0.0402740656930982,-6,False,4
AVNT.NS,0.0551704098045495,0.0718749999999999,0.1119314082410521,-6,False,3
AWR.N,0.0276983187526236,0.0501562499999999,0.0373071284816259,-6,False,4
AY.OQ,0.0387051391298986,0.0761718749999999,0.0524290462980849,-6,False,4
BEPC.N,0.0359737178881004,0.117015625,0.0733006605582782,-6,False,0
BEP_u.TO,0.0255345447146355,0.150953125,0.0480931953244913,-6,False,4
BKH.N,0.0417795768204956,0.0855624999999999,0.0348299249776132,-6,False,7
BN.N,0.0351257952239374,0.1853125,0.0474265911528268,-6,False,7
BP.L,0.0268369123799111,0.092875,0.0333555583587119,-6,False,5
CBAV3.SA,0.0489969517469863,0.0905,0.0577302034483162,-6,False,0
CMIG4.SA,0.0683637445121876,0.13425,0.0870849882312726,-6,False,7
CMS.N,0.0296486317288961,0.0793749999999999,0.0362683438155136,-6,False,4
CPFE3.SA,0.0439761577786202,0.1195,0.0636881850454303,-6,True,6
CRBR.NS,0.0337154523163781,0.0406874999999999,0.0852461665032841,-6,False,5
CSNA3.SA,0.054942797520943,0.133,0.0623304200428057,-6,False,7
CU.TO,0.0365806234494413,0.09434375,0.0423653301545585,-6,False,4
DEHr.AT,0.0389594072744189,0.161875,0.0280824416450185,-6,True,8
DUK.N,0.0359463617261513,0.0910078125,0.0330922757553966,-6,False,5
EDP.LS,0.0284469401812624,0.117,0.0337488816294434,-6,True,7
ELE.MC,0.015775083410825,0.10871875,0.0128317561722062,-6,False,4
ELET6.SA,0.069369116820679,0.135125,0.07876424314984,-6,False,5
EMA.TO,0.040954858104408,0.09853125,0.0387880495360635,-6,False,8
ENAE.WA,0.0794317763507644,0.18775,0.0422652659997075,-6,False,6
ENEI.MI,0.028774566859597,0.15725,0.0289307303558714,-6,False,7
ENGIE.PA,0.0246261648548874,0.163875,0.0259242942957083,-6,False,10
ENJSA.IS,0.103893641918558,0.1145,0.2309332749700215,-6,False,4
ENLT.TA,0.0221022816984008,0.0436249999999999,0.0258099208126788,-6,False,0
EONGn.DE,0.0247346069883524,0.166875,0.0266334565994807,-6,False,10
ETR.N,0.0338791855023042,0.09371875,0.0368192188794838,-6,False,4
EXC.OQ,0.0373987826579599,0.089734375,0.0361298377028714,-6,False,7
FGEN.PS,0.1029099318820514,0.167,0.0456732834126514,-6,False,6
FORTUM.HE,0.0350034829733163,0.08759375,0.0241949466130838,-6,False,7
FTS.TO,0.0431014314236373,0.091984375,0.0395893617661842,-6,False,12
GEG.HM,0.0487346696492598,0.0677499999999999,0.060198707375508,-6,False,0
GPSC.BK,0.0308386096416352,0.0594999999999999,0.0247785520222517,-6,False,4
HDG.HM,0.0618672673829737,0.09825,0.0826228156028797,-6,False,5
HE.N,0.021830103377636,0.12896875,0.0270832443553099,-6,False,3
HEGL.NS,0.1119205572906047,0.14425,0.0351728688854865,-6,True,3
HOLMb.ST,0.0525513556411274,0.0742187499999999,0.0206693809499892,-6,False,6
IBE.MC,0.0352442930525559,0.0968125,0.0348564954982454,-6,False,4
IDA.N,0.0404678665853998,0.0759062499999999,0.0470748286918139,-6,False,3
IDC.HN,0.0479778133145125,0.1355,0.0520089325654348,-6,False,0
LIGT3.SA,0.0519308727160961,0.2115000000000001,0.0900766340083477,-6,False,6
MGEE.OQ,0.0364933268000774,0.0658046874999999,0.0350820577116122,-6,False,6
MPLF.PSX,0.0765953537791593,0.107,0.1512149771219143,-6,False,0
NCLI.NS,0.0537744839611546,0.0824999999999999,0.0914094883350019,-6,False,0
NEOE3.SA,0.0713080940692926,0.140125,0.0855270179234657,-6,False,0
NRG.N,0.030626206882591,0.14828125,0.0518721233984326,-6,False,6
NTPC.NS,0.0583908531736264,0.121,0.0479180039415105,-6,False,3
ORK.OL,0.0385126324422676,0.0668749999999999,0.0217057064415658,-6,False,9
PAFO.NS,0.0456454599658696,0.0444843749999999,0.1531553807919091,-6,False,6
PC1.HM,0.0461076199983577,0.09425,0.051075019605614,-6,False,0
PEG.N,0.0331086137617939,0.0795156249999999,0.0309817464232856,-6,False,4
PGRD.NS,0.057989849913607,0.092,0.0679532731427644,-6,True,4
PIF.TO,0.1214956293338466,0.1975000000000001,0.0822674666894431,-6,False,0
PTCI.NS,0.0807814148309569,0.185,0.0919817807340193,-6,False,3
RATCH.BK,0.0454373387812234,0.1055,0.0010351376957253,-6,False,4
RITS.NS,0.0402520223687816,0.092125,0.1322398394341118,-6,False,0
RWEG.DE,0.0336172072773451,0.14784375,0.0466732751196923,-6,False,4
SHEL.L,0.0423658810318402,0.0889375,0.0327585178113252,-6,False,4
SO.N,0.0298602204813445,0.0775937499999999,0.0351346655082536,-6,False,6
SPI.OQ,0.0317213728085852,0.1345,0.054706392298216,-6,False,0
SRG.MI,0.0269240996740093,0.10325,0.0100739763460135,-6,False,5
SSE.L,0.0386197502585355,0.0870156249999999,0.0404158001190724,-6,False,4
SVT.L,0.0280119434704518,0.0620624999999999,0.0486088864263176,-6,False,2
SXC.N,0.0273979724396315,0.0347187499999999,0.0601277715144682,-6,False,7
TA.TO,0.016454410729284,0.0494843749999999,0.0501076637352961,-6,False,8
TCIL.NS,0.044917678280625,0.0508749999999999,0.0951317182880889,-6,False,6
TTPW.NS,0.0422799072148555,0.0849999999999999,0.0782425757267663,-6,False,0
UN01.DE,0.0075439647155799,0.14825,0.0346124545142118,-6,False,4
UNACEMC1.LM,0.0569816774067027,0.097,0.0476822411428179,-6,False,5
VERB.VI,0.0275186552646575,0.0645468749999999,0.0171101554039718,-6,False,5
XEL.OQ,0.0317351276032473,0.0746640624999999,0.0359830951901791,-6,False,4
000539.SZ,0.0346761120837044,0.141,0.0287845197090674,-7,False,4
000629.SZ,0.0053604090538161,0.0061249999999999,0.0321442446233507,-7,False,5
002545.SZ,0.083389557891166,0.1215,0.0312421562742632,-7,False,3
071320.KS,0.0384750032997045,0.16984375,0.0175057438485064,-7,True,3
2083.SE,0.0393357462217555,0.0854062499999999,0.0244991295133511,-7,False,0
2380.HK,0.039063838373245,0.125,0.0375930687925147,-7,True,4
300772.SZ,0.0213412006913632,0.1155,0.0058842789267009,-7,False,0
3038.T,0.0147132687280303,0.0265937499999999,0.0029312958165647,-7,False,5
5711.T,0.0246781840755052,0.0716249999999999,0.0104752658880521,-7,False,7
600011.SS,0.0270581502378745,0.13575,0.0329881809670105,-7,False,3
600025.SS,0.0310297367104892,0.0494999999999999,0.0331239324141345,-7,False,2
600116.SS,0.0582740092688321,0.0915,0.0342240664087618,-7,False,6
600459.SS,,,0.0428465396059785,-7,False,0
600674.SS,0.0580686207913866,0.0781249999999999,0.0307494236948516,-7,False,3
600795.SS,0.0277717448986954,0.139,0.0333442165627162,-7,False,6
600886.SS,0.0348406885286745,0.09475,0.0371306886774447,-7,False,3
600905.SS,0.0232517679417277,0.0289999999999999,0.0314988278337583,-7,False,0
600995.SS,0.0481040848874014,0.0684999999999999,0.0575503456736522,-7,False,3
601088.SS,,,0.0579034914403712,-7,False,7
6013.T,0.0596327394858437,0.1065,0.0068250781466738,-7,False,5
601991.SS,0.0249763652440821,0.107,0.0355984448822094,-7,False,4
603212.SS,0.03675138973823,0.0445624999999999,0.039150902730437,-7,False,0
6504.T,0.0445325620793186,0.099015625,0.0108438907356446,-7,False,7
688599.SS,0.0150038687152304,0.0307499999999999,0.0172008462304954,-7,False,0
8031.T,0.043404841351952,0.091078125,0.0223412634717401,-7,False,12
9505.T,0.0214235301754491,0.145375,0.0055220428105126,-7,False,3
9513.T,0.0545375351486674,0.1515,0.0142523963007284,-7,False,5
9531.T,0.0546153965884443,0.11871875,0.0117775927798888,-7,False,8
A2.MI,0.0320885667995722,0.1595,0.0131459092860654,-7,False,8
ACOx.TO,0.0382571862383671,0.13428125,0.0433002512733162,-7,False,5
AEP.OQ,0.0341610805123186,0.0827265624999999,0.0308555673963415,-7,False,7
AES.N,0.0220533469671297,0.0761874999999999,0.0475359605072772,-7,False,7
AEV.PS,0.0519951632222395,0.101,0.0485198359065567,-7,True,5
ALS.TO,0.0169536987393044,0.0157499999999999,0.0605000620981361,-7,False,0
AP.PS,0.0683427359084842,0.123,0.0537458577679365,-7,False,4
AVA.N,0.0422107436535495,0.0911093749999999,0.0402740656930982,-7,False,4
AVNT.NS,0.0525842426092469,0.0684999999999999,0.1119314082410521,-7,False,3
AWR.N,0.0276983187526236,0.0501562499999999,0.0373071284816259,-7,False,4
AY.OQ,0.0379909824990404,0.0721093749999999,0.0524290462980849,-7,False,4
BEPC.N,0.0352593163074083,0.11175,0.0733006605582782,-7,False,0
BEP_u.TO,0.0261065526383927,0.15990625,0.0480931953244913,-7,False,4
BKH.N,0.0406751551080937,0.0820156249999999,0.0348299249776132,-7,False,7
BN.N,0.0364356755957614,0.1999062500000001,0.0474265911528268,-7,False,8
BP.L,0.0273203385565042,0.0949375,0.0333555583587119,-7,False,6
CBAV3.SA,0.0524217431370849,0.09875,0.0577302034483162,-7,False,0
CMIG4.SA,0.0684651839400839,0.1345,0.0870849882312726,-7,False,7
CMS.N,0.0289243818564756,0.0760312499999999,0.0362683438155136,-7,False,4
CPFE3.SA,0.0440761248036837,0.1199375,0.0636881850454303,-7,True,6
CRBR.NS,0.0289988528675409,0.0341249999999999,0.0852461665032841,-7,False,5
CSNA3.SA,0.0480927196004938,0.103,0.0623304200428057,-7,False,7
CU.TO,0.0357276210374999,0.0908124999999999,0.0423653301545585,-7,False,4
DEHr.AT,0.0390897990123089,0.1625,0.0280824416450185,-7,True,8
DUK.N,0.0360585547115628,0.0914296875,0.0330922757553966,-7,False,5
EDP.LS,0.0285252394759949,0.1175,0.0337488816294434,-7,True,7
ELE.MC,0.0158305790466729,0.10921875,0.0128317561722062,-7,False,4
ELET6.SA,0.072385105737413,0.1425,0.07876424314984,-7,False,5
EMA.TO,0.0410689317701772,0.098984375,0.0387880495360635,-7,False,7
ENAE.WA,0.0797297865242461,0.1885,0.0422652659997075,-7,False,6
ENEI.MI,0.0288398096903304,0.15775,0.0289307303558714,-7,False,7
ENGIE.PA,0.0238726509052505,0.158125,0.0259242942957083,-7,False,10
ENJSA.IS,0.1040758750436311,0.115,0.2309332749700215,-7,False,0
ENLT.TA,0.0209537562533366,0.0385781249999999,0.0258099208126788,-7,False,0
EONGn.DE,0.0240959474580223,0.1615,0.0266334565994807,-7,False,10
ETR.N,0.0339760032759249,0.09415625,0.0368192188794838,-7,False,4
EXC.OQ,0.037512318195826,0.090171875,0.0361298377028714,-7,False,6
FGEN.PS,0.0952300506052046,0.153,0.0456732834126514,-7,False,6
FORTUM.HE,0.0351555560847281,0.0880624999999999,0.0241949466130838,-7,False,6
FTS.TO,0.0432335761428678,0.092421875,0.0395893617661842,-7,False,11
GEG.HM,0.0470478987012645,0.0609999999999999,0.060198707375508,-7,False,0
GPSC.BK,0.0370032461550891,0.0764999999999999,0.0247785520222517,-7,False,3
HDG.HM,0.062657227169815,0.1005,0.0826228156028797,-7,False,4
HE.N,0.0219061834024441,0.12953125,0.0270832443553099,-7,False,3
HEGL.NS,0.1144118977854557,0.1475625,0.0351728688854865,-7,True,3
HOLMb.ST,0.0450063250726442,0.0634296874999999,0.0206693809499892,-7,False,6
IBE.MC,0.0353812518091103,0.0973125,0.0348564954982454,-7,False,5
IDA.N,0.0406146922026223,0.0763007812499999,0.0470748286918139,-7,False,3
IDC.HN,0.0449253001094202,0.125,0.0520089325654348,-7,False,0
LIGT3.SA,0.0520488825412429,0.2125000000000001,0.0900766340083477,-7,False,6
MGEE.OQ,0.0366477304359807,0.0661640624999999,0.0350820577116122,-7,False,6
MPLF.PSX,0.0733859553284585,0.101,0.1512149771219143,-7,False,0
NCLI.NS,0.0509889426455575,0.0769999999999999,0.0914094883350019,-7,False,0
NEOE3.SA,0.0714167091281111,0.1405,0.0855270179234657,-7,False,0
NRG.N,0.030704189281548,0.148875,0.0518721233984326,-7,False,6
NTPC.NS,0.054742414449435,0.110125,0.0479180039415105,-7,False,2
ORK.OL,0.0321825571983757,0.0546249999999999,0.0217057064415658,-7,False,8
PAFO.NS,0.0425204489672668,0.0402812499999999,0.1531553807919091,-7,False,6
PC1.HM,0.045931238276971,0.0935,0.051075019605614,-7,False,0
PEG.N,0.0322389796237443,0.0764296874999999,0.0309817464232856,-7,False,4
PGRD.NS,0.0574923509968264,0.0905,0.0679532731427644,-7,True,4
PIF.TO,0.1204876831852619,0.1955000000000001,0.0822674666894431,-7,False,0
PTCI.NS,0.076405378726661,0.1705,0.0919817807340193,-7,False,3
RATCH.BK,0.0411673961655522,0.0955,0.0010351376957253,-7,False,4
RITS.NS,0.042268401654588,0.09675,0.1322398394341118,-7,False,0
RWEG.DE,0.0325582750841701,0.1425234375,0.0466732751196923,-7,False,4
SHEL.L,0.0441729561000081,0.093140625,0.0327585178113252,-7,False,7
SO.N,0.0299447554021323,0.0779687499999999,0.0351346655082536,-7,False,5
SPI.OQ,0.0327237657638633,0.1535,0.054706392298216,-7,False,0
SRG.MI,0.0311891569394679,0.12175,0.0100739763460135,-7,False,5
SSE.L,0.0387624149271282,0.08746875,0.0404158001190724,-7,False,4
SVT.L,0.0280119434704518,0.0620624999999999,0.0486088864263176,-7,False,2
SXC.N,,,0.0601277715144682,-7,False,7
TA.TO,0.0164764058880215,0.0508906249999999,0.0501076637352961,-7,False,7
TCIL.NS,0.0442334909576907,0.0500312499999999,0.0951317182880889,-7,False,6
TTPW.NS,0.0423640160344462,0.0853749999999999,0.0782425757267663,-7,False,3
UN01.DE,0.0073525375318331,0.14275,0.0346124545142118,-7,False,4
UNACEMC1.LM,0.0541312339289549,0.091,0.0476822411428179,-7,False,5
VERB.VI,0.0276470631448099,0.0648828124999999,0.0171101554039718,-7,False,5
XEL.OQ,0.0318394519550402,0.0750468749999999,0.0359830951901791,-7,False,4
000539.SZ,0.0340576739835614,0.137,0.0287845197090674,-8,False,4
000629.SZ,0.0155475408422713,0.0197499999999999,0.0321442446233507,-8,False,5
002545.SZ,0.071711770911988,0.1035,0.0312421562742632,-8,False,4
071320.KS,0.0400863115648607,0.178375,0.0175057438485064,-8,True,3
2083.SE,0.0391017712215903,0.08471875,0.0244991295133511,-8,False,0
2380.HK,0.0401516850332695,0.131,0.0375930687925147,-8,True,4
300772.SZ,0.0136434117446464,0.0702499999999999,0.0058842789267009,-8,False,0
3038.T,0.0150966682218591,0.0273046874999999,0.0029312958165647,-8,False,5
5711.T,0.0312546279257903,0.09259375,0.0104752658880521,-8,False,7
600011.SS,0.0267199299420304,0.13225,0.0329881809670105,-8,False,4
600025.SS,0.0284404462559284,0.0414999999999999,0.0331239324141345,-8,False,2
600116.SS,0.0499797134008187,0.0754999999999999,0.0342240664087618,-8,False,7
600459.SS,0.0353005658227052,0.0457499999999999,0.0428465396059785,-8,False,0
600674.SS,0.0488748679031481,0.0632499999999999,0.0307494236948516,-8,False,3
600795.SS,0.0286397078951011,0.147,0.0333442165627162,-8,False,7
600886.SS,0.0342721153716724,0.09175,0.0371306886774447,-8,False,4
600905.SS,,,0.0314988278337583,-8,False,0
600995.SS,0.0409577852355643,0.0538749999999999,0.0575503456736522,-8,False,2
601088.SS,0.0364250762428073,0.0509999999999999,0.0579034914403712,-8,False,7
6013.T,0.0524245508477599,0.093625,0.0068250781466738,-8,False,5
601991.SS,0.0246503522925314,0.1035,0.0355984448822094,-8,False,4
603212.SS,0.0276637391304939,0.0294999999999999,0.039150902730437,-8,False,0
6504.T,0.0465292852451209,0.103578125,0.0108438907356446,-8,False,7
688599.SS,,,0.0172008462304954,-8,False,0
8031.T,0.0477324696101617,0.10153125,0.0223412634717401,-8,False,12
9505.T,0.0226198594371083,0.154625,0.0055220428105126,-8,False,3
9513.T,0.0575212463050796,0.16075,0.0142523963007284,-8,False,5
9531.T,0.0488090578493251,0.105375,0.0117775927798888,-8,False,7
A2.MI,0.0337308656716646,0.1685,0.0131459092860654,-8,False,8
ACOx.TO,0.0380928981568393,0.133375,0.0433002512733162,-8,False,5
AEP.OQ,0.0356908733234398,0.0886953125,0.0308555673963415,-8,False,7
AES.N,0.0223164569298542,0.0824999999999999,0.0475359605072772,-8,False,8
AEV.PS,0.0542939988128325,0.10825,0.0485198359065567,-8,True,6
ALS.TO,0.0215570087490214,0.0231406249999999,0.0605000620981361,-8,False,0
AP.PS,0.0671030834256317,0.1195,0.0537458577679365,-8,False,4
AVA.N,0.0419992658262258,0.0904375,0.0402740656930982,-8,False,4
AVNT.NS,0.0465498524868744,0.0606249999999999,0.1119314082410521,-8,False,3
AWR.N,0.0255143563753303,0.0438945312499999,0.0373071284816259,-8,False,4
AY.OQ,0.0368648124273026,0.0657031249999999,0.0524290462980849,-8,False,3
BEPC.N,0.0341166977555001,0.103328125,0.0733006605582782,-8,False,0
BEP_u.TO,0.0244933505357894,0.13465625,0.0480931953244913,-8,False,4
BKH.N,0.0404732454117736,0.0813671875,0.0348299249776132,-8,False,7
BN.N,0.0365562855657581,0.2012500000000001,0.0474265911528268,-8,False,10
BP.L,0.0267636659895182,0.0925624999999999,0.0333555583587119,-8,False,5
CBAV3.SA,0.0472326652732991,0.08625,0.0577302034483162,-8,False,0
CMIG4.SA,0.0717112456327682,0.1425,0.0870849882312726,-8,False,7
CMS.N,0.0287923923937447,0.0754218749999999,0.0362683438155136,-8,False,4
CPFE3.SA,0.0456041921867979,0.126625,0.0636881850454303,-8,True,7
CRBR.NS,0.026079053208737,0.0300624999999999,0.0852461665032841,-8,False,5
CSNA3.SA,0.0529448581274787,0.12425,0.0623304200428057,-8,False,7
CU.TO,0.0355690984653692,0.09015625,0.0423653301545585,-8,False,4
DEHr.AT,0.0411499884709695,0.172375,0.0280824416450185,-8,False,0
DUK.N,0.037728983605468,0.0977109375,0.0330922757553966,-8,False,5
EDP.LS,0.029660579249617,0.12475,0.0337488816294434,-8,True,7
ELE.MC,0.0166456711981899,0.1165625,0.0128317561722062,-8,False,4
ELET6.SA,0.0637972050931534,0.1215,0.07876424314984,-8,False,5
EMA.TO,0.0427407010098984,0.105625,0.0387880495360635,-8,False,6
ENAE.WA,0.0841006024019767,0.1995000000000001,0.0422652659997075,-8,False,5
ENEI.MI,0.0298510735666975,0.1655,0.0289307303558714,-8,False,6
ENGIE.PA,0.0237375098164569,0.15709375,0.0259242942957083,-8,False,6
ENJSA.IS,0.1069004884822635,0.12275,0.2309332749700215,-8,False,0
ENLT.TA,0.019406980499148,0.0317812499999999,0.0258099208126788,-8,False,0
EONGn.DE,0.0239771270802865,0.1605,0.0266334565994807,-8,False,15
ETR.N,0.0353919632151278,0.1005546875,0.0368192188794838,-8,False,4
EXC.OQ,0.0391666931761614,0.096546875,0.0361298377028714,-8,False,6
FGEN.PS,0.0930357988118198,0.149,0.0456732834126514,-8,False,6
FORTUM.HE,0.0373656853039143,0.094875,0.0241949466130838,-8,False,7
FTS.TO,0.0451496745717105,0.098765625,0.0395893617661842,-8,False,11
GEG.HM,0.0446739247744562,0.0514999999999999,0.060198707375508,-8,False,0
GPSC.BK,0.0363686512198806,0.0747499999999999,0.0247785520222517,-8,False,3
HDG.HM,0.0653781997689354,0.10825,0.0826228156028797,-8,False,4
HE.N,0.0230093437621605,0.1376875,0.0270832443553099,-8,False,3
HEGL.NS,0.118219418164379,0.152625,0.0351728688854865,-8,False,0
HOLMb.ST,0.0416790813244861,0.0586718749999999,0.0206693809499892,-8,False,6
IBE.MC,0.0373842736237185,0.104625,0.0348564954982454,-8,False,5
IDA.N,0.0427792797674178,0.0821171875,0.0470748286918139,-8,False,3
IDC.HN,0.0472510244561572,0.133,0.0520089325654348,-8,False,0
LIGT3.SA,0.053376493074144,0.2237500000000001,0.0900766340083477,-8,False,5
MGEE.OQ,0.0389402887690658,0.0714999999999999,0.0350820577116122,-8,False,6
MPLF.PSX,0.0894329475819623,0.131,0.1512149771219143,-8,False,0
NCLI.NS,0.0630174165083632,0.10075,0.0914094883350019,-8,False,7
NEOE3.SA,0.0739510605005411,0.14925,0.0855270179234657,-8,False,0
NRG.N,0.0318575079187538,0.15765625,0.0518721233984326,-8,False,6
NTPC.NS,0.0536940125171961,0.107,0.0479180039415105,-8,False,0
ORK.OL,0.0374791507697955,0.0648749999999999,0.0217057064415658,-8,False,8
PAFO.NS,0.039581312228804,0.0363281249999999,0.1531553807919091,-8,False,7
PC1.HM,0.0533392705752113,0.125,0.051075019605614,-8,False,0
PEG.N,0.0320782624286111,0.0758593749999999,0.0309817464232856,-8,False,4
PGRD.NS,0.0594823466639488,0.0965,0.0679532731427644,-8,False,0
PIF.TO,0.1189757639623848,0.1925000000000001,0.0822674666894431,-8,False,0
PTCI.NS,0.0751981963530621,0.1665,0.0919817807340193,-8,False,3
RATCH.BK,0.0398864133808508,0.0925,0.0010351376957253,-8,False,3
RITS.NS,0.0411784669055035,0.09425,0.1322398394341118,-8,False,0
RWEG.DE,0.0323639042704449,0.141546875,0.0466732751196923,-8,False,8
SHEL.L,0.0605508334836261,0.131234375,0.0327585178113252,-8,False,3
SO.N,0.0312145403581339,0.0836015624999999,0.0351346655082536,-8,False,5
SPI.OQ,0.030771737377269,0.1165,0.054706392298216,-8,False,0
SRG.MI,0.0323995110283142,0.127,0.0100739763460135,-8,False,5
SSE.L,0.0409171433700106,0.0943125,0.0404158001190724,-8,False,4
SVT.L,0.02762246032013,0.0571874999999999,0.0486088864263176,-8,False,2
SXC.N,0.015941117308482,0.0023476562499999,0.0601277715144682,-8,False,7
TA.TO,0.0164694407544213,0.0504453124999999,0.0501076637352961,-8,False,7
TCIL.NS,0.0459819696718563,0.0521874999999999,0.0951317182880889,-8,False,8
TTPW.NS,0.0438219022406851,0.091875,0.0782425757267663,-8,False,4
UN01.DE,0.0073177325893337,0.14175,0.0346124545142118,-8,False,4
UNACEMC1.LM,0.066483155665862,0.117,0.0476822411428179,-8,False,5
VERB.VI,0.0295283879005317,0.0698046874999999,0.0171101554039718,-8,False,4
XEL.OQ,0.0334021881635287,0.0807812499999999,0.0359830951901791,-8,False,4
000539.SZ,0.0279505977446495,0.0975,0.0287845197090674,-12,False,7
000629.SZ,0.0348002853232051,0.0454999999999999,0.0321442446233507,-12,False,0
002545.SZ,0.0885796854374673,0.1295,0.0312421562742632,-12,False,0
071320.KS,0.0365007080077822,0.159390625,0.0175057438485064,-12,True,3
2083.SE,0.0405162564498612,0.088875,0.0244991295133511,-12,False,0
2380.HK,0.037613376159879,0.117,0.0375930687925147,-12,True,3
300772.SZ,0.0240630708161691,0.1315,0.0058842789267009,-12,False,0
3038.T,0.014342508777954,0.0259062499999999,0.0029312958165647,-12,False,0
5711.T,0.0673221590272046,0.2075937500000001,0.0104752658880521,-12,False,7
600011.SS,0.0229753480951851,0.0935,0.0329881809670105,-12,False,4
600025.SS,0.0248801718809073,0.0304999999999999,0.0331239324141345,-12,False,0
600116.SS,0.0536084678430746,0.0824999999999999,0.0342240664087618,-12,False,10
600459.SS,0.0420359028090536,0.0592499999999999,0.0428465396059785,-12,False,0
600674.SS,0.0528923061400254,0.0697499999999999,0.0307494236948516,-12,False,9
600795.SS,0.0290194417060286,0.1505,0.0333442165627162,-12,False,13
600886.SS,0.0346037830465903,0.0935,0.0371306886774447,-12,False,4
600905.SS,0.033810584324439,0.0649999999999999,0.0314988278337583,-12,False,0
600995.SS,0.0440117594457511,0.0601249999999999,0.0575503456736522,-12,False,0
601088.SS,0.1061034355714482,0.161,0.0579034914403712,-12,False,11
6013.T,0.0708649169267413,0.1265625,0.0068250781466738,-12,False,5
601991.SS,0.0248366454077032,0.1055,0.0355984448822094,-12,False,4
603212.SS,0.0583581274902334,0.0803749999999999,0.039150902730437,-12,False,0
6504.T,0.0530733402782468,0.11853125,0.0108438907356446,-12,False,8
688599.SS,,,0.0172008462304954,-12,False,0
8031.T,0.0529204484787479,0.1140625,0.0223412634717401,-12,False,13
9505.T,0.0231371910097176,0.158625,0.0055220428105126,-12,False,3
9513.T,0.0588215798833809,0.16478125,0.0142523963007284,-12,False,5
9531.T,0.0519229959553164,0.11253125,0.0117775927798888,-12,False,7
A2.MI,0.0344607762814835,0.1725,0.0131459092860654,-12,False,6
ACOx.TO,0.0390616313272275,0.13871875,0.0433002512733162,-12,False,6
AEP.OQ,0.0363596570916525,0.0913046875,0.0308555673963415,-12,False,6
AES.N,0.0224330328786851,0.085296875,0.0475359605072772,-12,False,9
AEV.PS,0.0551659709334022,0.111,0.0485198359065567,-12,True,6
ALS.TO,0.0559796461789777,0.0784062499999999,0.0605000620981361,-12,False,3
AP.PS,0.0555920246562872,0.087,0.0537458577679365,-12,False,4
AVA.N,0.0432779689681835,0.0945,0.0402740656930982,-12,False,4
AVNT.NS,0.0255731630138649,0.0332499999999999,0.1119314082410521,-12,False,3
AWR.N,0.0310199034537098,0.0596796874999999,0.0373071284816259,-12,False,5
AY.OQ,0.0325276842729755,0.0410312499999999,0.0524290462980849,-12,False,0
BEPC.N,0.0295292644598985,0.0695156249999999,0.0733006605582782,-12,False,0
BEP_u.TO,0.0251931368439113,0.145609375,0.0480931953244913,-12,False,3
BKH.N,0.0416847035896945,0.0852578124999999,0.0348299249776132,-12,False,7
BN.N,0.0337710367237425,0.17021875,0.0474265911528268,-12,True,5
BP.L,0.0374869375430376,0.1383125,0.0333555583587119,-12,False,6
CBAV3.SA,0.0567805685426649,0.10925,0.0577302034483162,-12,False,0
CMIG4.SA,0.0730299581954211,0.14575,0.0870849882312726,-12,False,7
CMS.N,0.0295860213427289,0.0790859374999999,0.0362683438155136,-12,False,4
CPFE3.SA,0.0462611183515012,0.1295,0.0636881850454303,-12,True,5
CRBR.NS,0.0340972722717602,0.0412187499999999,0.0852461665032841,-12,False,6
CSNA3.SA,0.0563128131050329,0.139,0.0623304200428057,-12,False,7
CU.TO,0.0365051365103314,0.09403125,0.0423653301545585,-12,False,5
DEHr.AT,0.0420627306361989,0.17675,0.0280824416450185,-12,False,8
DUK.N,0.038458238010643,0.100453125,0.0330922757553966,-12,False,5
EDP.LS,0.0301303750180123,0.12775,0.0337488816294434,-12,False,8
ELE.MC,0.0170029243539612,0.11978125,0.0128317561722062,-12,False,3
ELET6.SA,0.0675288523969091,0.130625,0.07876424314984,-12,False,4
EMA.TO,0.043472345900694,0.10853125,0.0387880495360635,-12,False,5
ENAE.WA,0.0860873368918542,0.2045000000000001,0.0422652659997075,-12,False,5
ENEI.MI,0.0303077733818311,0.169,0.0289307303558714,-12,False,10
ENGIE.PA,0.0245606419027451,0.163375,0.0259242942957083,-12,False,10
ENJSA.IS,0.108176120357775,0.12625,0.2309332749700215,-12,False,0
ENLT.TA,0.0172948315382561,0.0224999999999999,0.0258099208126788,-12,False,0
EONGn.DE,0.0246826230730929,0.1664375,0.0266334565994807,-12,False,8
ETR.N,0.0360109054107744,0.1033515625,0.0368192188794838,-12,False,4
EXC.OQ,0.0398884548097391,0.099328125,0.0361298377028714,-12,False,6
FGEN.PS,0.0941329247085122,0.151,0.0456732834126514,-12,False,6
FORTUM.HE,0.0383389532169505,0.097875,0.0241949466130838,-12,False,7
FTS.TO,0.045989737429676,0.101546875,0.0395893617661842,-12,False,10
GEG.HM,0.0412379098803915,0.0377499999999999,0.060198707375508,-12,False,0
GPSC.BK,0.0292974505132717,0.0552499999999999,0.0247785520222517,-12,False,0
HDG.HM,0.0630083204084112,0.1015,0.0826228156028797,-12,False,0
HE.N,0.023491183919278,0.14125,0.0270832443553099,-12,False,3
HEGL.NS,0.1306761206386343,0.1691875,0.0351728688854865,-12,True,3
HOLMb.ST,0.0556272804854837,0.0786171874999999,0.0206693809499892,-12,False,6
IBE.MC,0.0382659456190375,0.10784375,0.0348564954982454,-12,False,6
IDA.N,0.0437300119819082,0.084671875,0.0470748286918139,-12,False,3
IDC.HN,0.0604785816782238,0.1785,0.0520089325654348,-12,False,0
LIGT3.SA,0.0539960446561646,0.2290000000000001,0.0900766340083477,-12,False,5
MGEE.OQ,0.0399506256039979,0.0738515624999999,0.0350820577116122,-12,False,6
MPLF.PSX,0.0819443511969939,0.117,0.1512149771219143,-12,False,0
NCLI.NS,0.0576995649058596,0.09025,0.0914094883350019,-12,False,5
NEOE3.SA,0.0750372110887255,0.153,0.0855270179234657,-12,False,0
NRG.N,0.0323582370067933,0.16146875,0.0518721233984326,-12,False,4
NTPC.NS,0.0541972454446708,0.1085,0.0479180039415105,-12,False,2
ORK.OL,0.0561464134788235,0.101,0.0217057064415658,-12,False,10
PAFO.NS,0.0381291695714607,0.0343749999999999,0.1531553807919091,-12,False,8
PC1.HM,0.0539860035536291,0.12775,0.051075019605614,-12,False,0
PEG.N,0.0330337591777592,0.0792499999999999,0.0309817464232856,-12,False,4
PGRD.NS,0.0603944280113798,0.09925,0.0679532731427644,-12,True,5
PIF.TO,0.1169598716652152,0.1885,0.0822674666894431,-12,False,0
PTCI.NS,0.0759526853365614,0.169,0.0919817807340193,-12,False,3
RATCH.BK,0.0406336533385933,0.09425,0.0010351376957253,-12,False,0
RITS.NS,0.0366007409593484,0.0837499999999999,0.1322398394341118,-12,False,0
RWEG.DE,0.0335270192197766,0.147390625,0.0466732751196923,-12,False,10
SHEL.L,0.069142837246402,0.15121875,0.0327585178113252,-12,False,3
SO.N,0.0317710619199875,0.0860703125,0.0351346655082536,-12,False,5
SPI.OQ,0.0367333375849758,0.2295000000000001,0.054706392298216,-12,False,0
SRG.MI,0.0299211669416288,0.11625,0.0100739763460135,-12,False,4
SSE.L,0.0418715208081822,0.09734375,0.0404158001190724,-12,False,4
SVT.L,0.0285362477112697,0.0686249999999999,0.0486088864263176,-12,False,2
SXC.N,0.0567403512623077,0.117625,0.0601277715144682,-12,False,5
TA.TO,0.0164739619814951,0.0507343749999999,0.0501076637352961,-12,False,3
TCIL.NS,0.0356431390141812,0.0394374999999999,0.0951317182880889,-12,False,8
TTPW.NS,0.0444947727974107,0.094875,0.0782425757267663,-12,False,4
UN01.DE,0.0075265622443302,0.14775,0.0346124545142118,-12,False,0
UNACEMC1.LM,0.0610198056668454,0.1055,0.0476822411428179,-12,False,5
VERB.VI,0.0303525873173242,0.0719609374999999,0.0171101554039718,-12,False,4
XEL.OQ,0.0340877481895959,0.0832968749999999,0.0359830951901791,-12,False,4
000539.SZ,0.0160843166981562,0.0207499999999999,0.0287845197090674,-14,False,4
000629.SZ,0.0030706408995303,0.0030624999999999,0.0321442446233507,-14,False,12
002545.SZ,0.091174749210618,0.1335,0.0312421562742632,-14,False,0
071320.KS,0.0356301293663517,0.15478125,0.0175057438485064,-14,False,3
2083.SE,0.0380914246299683,0.0817499999999999,0.0244991295133511,-14,False,0
2380.HK,0.036888145053196,0.113,0.0375930687925147,-14,True,3
300772.SZ,0.044179392207313,0.2497500000000001,0.0058842789267009,-14,False,0
3038.T,0.0133292386871205,0.0240273437499999,0.0029312958165647,-14,False,8
5711.T,0.0772015262419398,0.2390937500000001,0.0104752658880521,-14,False,14
600011.SS,0.0158123254010584,0.0193749999999999,0.0329881809670105,-14,False,0
600025.SS,0.0310297367104892,0.0494999999999999,0.0331239324141345,-14,False,0
600116.SS,0.0593107962523338,0.0935,0.0342240664087618,-14,False,12
600459.SS,,,0.0428465396059785,-14,False,0
600674.SS,0.0593820140611349,0.0802499999999999,0.0307494236948516,-14,False,7
600795.SS,0.02771749721142,0.1385,0.0333442165627162,-14,False,10
600886.SS,0.0244879189615942,0.0401249999999999,0.0371306886774447,-14,False,0
600905.SS,0.0155617966352218,0.0027812499999999,0.0314988278337583,-14,False,0
600995.SS,0.0490813566346612,0.0704999999999999,0.0575503456736522,-14,False,0
601088.SS,0.1010359185293652,0.153,0.0579034914403712,-14,False,8
6013.T,0.0633418074258286,0.113125,0.0068250781466738,-14,False,10
601991.SS,0.0192012786737547,0.0449999999999999,0.0355984448822094,-14,False,6
603212.SS,0.0297753923837438,0.0329999999999999,0.039150902730437,-14,False,0
6504.T,0.039349287559873,0.087171875,0.0108438907356446,-14,False,10
688599.SS,,,0.0172008462304954,-14,False,0
8031.T,0.0439482206848214,0.092390625,0.0223412634717401,-14,False,20
9505.T,0.0213588637288729,0.144875,0.0055220428105126,-14,False,6
9513.T,0.054376253464537,0.151,0.0142523963007284,-14,False,8
9531.T,0.0405142882220119,0.0863124999999999,0.0117775927798888,-14,False,12
A2.MI,0.0319973279733448,0.159,0.0131459092860654,-14,False,6
ACOx.TO,0.037396090086911,0.12953125,0.0433002512733162,-14,False,4
AEP.OQ,0.0340729772614163,0.0823828124999999,0.0308555673963415,-14,False,5
AES.N,0.0220383679345984,0.0758281249999999,0.0475359605072772,-14,False,7
AEV.PS,0.0518366228366814,0.1005,0.0485198359065567,-14,True,6
ALS.TO,0.0673468049344736,0.09665625,0.0605000620981361,-14,False,0
AP.PS,0.0319500808761718,0.0202499999999999,0.0537458577679365,-14,False,4
AVA.N,0.0410746650928102,0.0875,0.0402740656930982,-14,False,4
AVNT.NS,0.0206402885487508,0.0268124999999999,0.1119314082410521,-14,False,0
AWR.N,0.0240252291898146,0.0396249999999999,0.0373071284816259,-14,False,5
AY.OQ,0.0384661713341884,0.0748124999999999,0.0524290462980849,-14,False,0
BEPC.N,0.0357341707705389,0.11525,0.0733006605582782,-14,False,0
BEP_u.TO,0.0263321613482865,0.1634375,0.0480931953244913,-14,False,0
BKH.N,0.0396072230998461,0.0785859374999999,0.0348299249776132,-14,False,7
BN.N,0.0307529825908032,0.13659375,0.0474265911528268,-14,False,5
BP.L,0.0338099687453144,0.122625,0.0333555583587119,-14,False,4
CBAV3.SA,0.047647791502402,0.08725,0.0577302034483162,-14,False,0
CMIG4.SA,0.0684651839400839,0.1345,0.0870849882312726,-14,False,6
CMS.N,0.0282221302278435,0.0727890624999999,0.0362683438155136,-14,False,4
CPFE3.SA,0.0440047197857812,0.119625,0.0636881850454303,-14,True,4
CRBR.NS,0.0157249944186706,0.0156562499999999,0.0852461665032841,-14,False,5
CSNA3.SA,0.0603086918919616,0.1565,0.0623304200428057,-14,False,4
CU.TO,0.0348972647072914,0.087375,0.0423653301545585,-14,False,4
DEHr.AT,0.0389724464482079,0.1619375,0.0280824416450185,-14,False,0
DUK.N,0.0359629829091752,0.0910703125,0.0330922757553966,-14,False,4
EDP.LS,0.0284469401812624,0.117,0.0337488816294434,-14,False,9
ELE.MC,0.0157854888425465,0.1088125,0.0128317561722062,-14,False,3
ELET6.SA,0.0735608302303771,0.145375,0.07876424314984,-14,False,0
EMA.TO,0.0409705924031347,0.09859375,0.0387880495360635,-14,False,3
ENAE.WA,0.0794814447130114,0.187875,0.0422652659997075,-14,False,5
ENEI.MI,0.028774566859597,0.15725,0.0289307303558714,-14,False,10
ENGIE.PA,0.0231437080626669,0.1525625,0.0259242942957083,-14,False,13
ENJSA.IS,0.103893641918558,0.1145,0.2309332749700215,-14,False,0
ENLT.TA,0.0209928701229828,0.0387499999999999,0.0258099208126788,-14,False,0
EONGn.DE,0.0234647142013007,0.1561875,0.0266334565994807,-14,False,8
ETR.N,0.0338938810572288,0.09378515625,0.0368192188794838,-14,False,4
EXC.OQ,0.0374150020205122,0.089796875,0.0361298377028714,-14,False,5
FGEN.PS,0.0535392665308932,0.0769999999999999,0.0456732834126514,-14,False,6
FORTUM.HE,0.0350237593881712,0.0876562499999999,0.0241949466130838,-14,False,7
FTS.TO,0.0431203092406702,0.092046875,0.0395893617661842,-14,False,10
GEG.HM,0.0470478987012645,0.0609999999999999,0.060198707375508,-14,False,0
GPSC.BK,0.0134779053427172,0.0116249999999999,0.0247785520222517,-14,False,0
HDG.HM,0.056513095494382,0.0829999999999999,0.0826228156028797,-14,False,0
HE.N,0.0218427833817707,0.1290625,0.0270832443553099,-14,False,3
HEGL.NS,0.104305516532758,0.134125,0.0351728688854865,-14,True,4
HOLMb.ST,0.0320524746179927,0.0449062499999999,0.0206693809499892,-14,False,6
IBE.MC,0.0352699728194099,0.09690625,0.0348564954982454,-14,False,9
IDA.N,0.0404896723701358,0.0759648437499999,0.0470748286918139,-14,False,3
IDC.HN,0.0418727869043279,0.1145,0.0520089325654348,-14,False,0
LIGT3.SA,0.0519308727160961,0.2115000000000001,0.0900766340083477,-14,False,5
MGEE.OQ,0.0365151447051507,0.0658554687499999,0.0350820577116122,-14,False,6
MPLF.PSX,0.0851537496476946,0.123,0.1512149771219143,-14,False,0
NCLI.NS,0.0594721821066941,0.09375,0.0914094883350019,-14,False,5
NEOE3.SA,0.0713080940692926,0.140125,0.0855270179234657,-14,False,0
NRG.N,0.0306385198929527,0.148375,0.0518721233984326,-14,False,4
NTPC.NS,0.0348227777368956,0.0507499999999999,0.0479180039415105,-14,False,2
ORK.OL,0.056340191292412,0.101375,0.0217057064415658,-14,False,13
PAFO.NS,0.0334823130679621,0.0281249999999999,0.1531553807919091,-14,False,7
PC1.HM,0.058865897845327,0.1485,0.051075019605614,-14,False,0
PEG.N,0.0313891599344098,0.0734140624999999,0.0309817464232856,-14,False,4
PGRD.NS,0.057989849913607,0.092,0.0679532731427644,-14,True,5
PIF.TO,0.1204876831852619,0.1955000000000001,0.0822674666894431,-14,False,0
PTCI.NS,0.0515072422711839,0.088,0.0919817807340193,-14,False,3
RATCH.BK,0.0178962089101441,0.0409999999999999,0.0010351376957253,-14,False,0
RITS.NS,0.0347478518859047,0.0794999999999999,0.1322398394341118,-14,False,0
RWEG.DE,0.0315273322881716,0.13734375,0.0466732751196923,-14,False,10
SHEL.L,0.0898469463917304,0.199375,0.0327585178113252,-14,False,3
SO.N,0.029872548490626,0.0776484374999999,0.0351346655082536,-14,False,3
SPI.OQ,0.0312465550929271,0.1255,0.054706392298216,-14,False,0
SRG.MI,0.0240999401333678,0.091,0.0100739763460135,-14,False,6
SSE.L,0.0386443476151894,0.08709375,0.0404158001190724,-14,False,3
SVT.L,0.0273328446442496,0.0535624999999999,0.0486088864263176,-14,False,2
SXC.N,0.0585984438526619,0.122875,0.0601277715144682,-14,False,5
TA.TO,0.0159889229080848,0.0197236328124999,0.0501076637352961,-14,False,3
TCIL.NS,0.0400776864776448,0.0449062499999999,0.0951317182880889,-14,False,8
TTPW.NS,0.0422799072148555,0.0849999999999999,0.0782425757267663,-14,False,4
UN01.DE,0.0071698115837113,0.1375,0.0346124545142118,-14,False,0
UNACEMC1.LM,0.0629201013186772,0.1095,0.0476822411428179,-14,False,3
VERB.VI,0.0275395588730544,0.0646015624999999,0.0171101554039718,-14,False,4
XEL.OQ,0.0317500310820749,0.0747187499999999,0.0359830951901791,-14,False,4
000539.SZ,0.0265591120193279,0.0885,0.0287845197090674,-15,False,7
000629.SZ,0.0398471212551004,0.0522499999999999,0.0321442446233507,-15,False,15
002545.SZ,0.0830651749195222,0.121,0.0312421562742632,-15,False,0
071320.KS,0.0370938819295705,0.16253125,0.0175057438485064,-15,False,0
2083.SE,0.043387767815524,0.0973125,0.0244991295133511,-15,False,0
2380.HK,0.0379759917132205,0.119,0.0375930687925147,-15,False,0
300772.SZ,0.0440518045452128,0.2490000000000001,0.0058842789267009,-15,False,0
3038.T,0.0144099196779679,0.0260312499999999,0.0029312958165647,-15,False,0
5711.T,0.0822882242423839,0.2553125000000001,0.0104752658880521,-15,False,7
600011.SS,0.0221056387630146,0.0844999999999999,0.0329881809670105,-15,False,0
600025.SS,0.0373411321934811,0.0689999999999999,0.0331239324141345,-15,False,0
600116.SS,0.0504981068925695,0.0764999999999999,0.0342240664087618,-15,False,12
600459.SS,0.0702245353815489,0.11575,0.0428465396059785,-15,False,0
600674.SS,0.0491839016136771,0.0637499999999999,0.0307494236948516,-15,False,7
600795.SS,0.029073689393304,0.151,0.0333442165627162,-15,False,10
600886.SS,0.0351723562035924,0.0965,0.0371306886774447,-15,False,0
600905.SS,0.0340305596657455,0.0657499999999999,0.0314988278337583,-15,False,0
600995.SS,0.041263182656583,0.0544999999999999,0.0575503456736522,-15,False,0
601088.SS,0.0964434812099775,0.14575,0.0579034914403712,-15,False,10
6013.T,0.0733143014154106,0.1309375,0.0068250781466738,-15,False,5
601991.SS,0.025162658359254,0.109,0.0355984448822094,-15,False,14
603212.SS,0.0359972278620693,0.0433124999999999,0.039150902730437,-15,False,0
6504.T,0.0527861403708369,0.117875,0.0108438907356446,-15,False,6
688599.SS,,,0.0172008462304954,-15,False,0
8031.T,0.0599908486076317,0.131140625,0.0223412634717401,-15,False,10
9505.T,0.0231856908446498,0.159,0.0055220428105126,-15,False,3
9513.T,0.0589123008307043,0.1650625,0.0142523963007284,-15,False,4
9531.T,0.0413981571167256,0.08834375,0.0117775927798888,-15,False,6
A2.MI,0.0344607762814835,0.1725,0.0131459092860654,-15,False,6
ACOx.TO,0.0410132604336528,0.149484375,0.0433002512733162,-15,False,5
AEP.OQ,0.0364097157569379,0.0915,0.0308555673963415,-15,False,5
AES.N,0.0224414992883768,0.0854999999999999,0.0475359605072772,-15,False,7
AEV.PS,0.0553245113189604,0.1115,0.0485198359065567,-15,True,5
ALS.TO,0.0734391348839089,0.1064375,0.0605000620981361,-15,False,0
AP.PS,0.0527585332669101,0.0789999999999999,0.0537458577679365,-15,False,4
AVA.N,0.0458648837861441,0.10271875,0.0402740656930982,-15,False,4
AVNT.NS,0.0342895043017364,0.0446249999999999,0.1119314082410521,-15,False,0
AWR.N,0.0249271525171809,0.0422109374999999,0.0373071284816259,-15,False,5
AY.OQ,0.0351728105634232,0.0560781249999999,0.0524290462980849,-15,False,0
BEPC.N,0.0323677918087019,0.0904375,0.0733006605582782,-15,False,0
BEP_u.TO,0.0245572397279718,0.13565625,0.0480931953244913,-15,False,0
BKH.N,0.0441441096496908,0.09315625,0.0348299249776132,-15,False,7
BN.N,0.0358943331722881,0.193875,0.0474265911528268,-15,False,0
BP.L,0.0417791760200611,0.156625,0.0333555583587119,-15,False,3
CBAV3.SA,0.0622809910782778,0.1225,0.0577302034483162,-15,False,0
CMIG4.SA,0.0732328370512139,0.14625,0.0870849882312726,-15,False,6
CMS.N,0.031200354002283,0.0865390624999999,0.0362683438155136,-15,False,4
CPFE3.SA,0.0463182423658233,0.12975,0.0636881850454303,-15,True,4
CRBR.NS,0.0309753326365775,0.0368749999999999,0.0852461665032841,-15,False,5
CSNA3.SA,0.0669304338817292,0.1855,0.0623304200428057,-15,False,4
CU.TO,0.0383923099880779,0.10184375,0.0423653301545585,-15,False,5
DEHr.AT,0.0421148873313549,0.177,0.0280824416450185,-15,False,0
DUK.N,0.0385122568554708,0.10065625,0.0330922757553966,-15,False,2
EDP.LS,0.0301793120772201,0.1280625,0.0337488816294434,-15,False,9
ELE.MC,0.0170306721718852,0.12003125,0.0128317561722062,-15,False,3
ELET6.SA,0.0641550342866642,0.122375,0.07876424314984,-15,False,0
EMA.TO,0.0435234823715561,0.108734375,0.0387880495360635,-15,False,3
ENAE.WA,0.0860873368918542,0.2045000000000001,0.0422652659997075,-15,False,5
ENEI.MI,0.0303403947971978,0.16925,0.0289307303558714,-15,False,10
ENGIE.PA,0.0262273819978659,0.17609375,0.0259242942957083,-15,False,4
ENJSA.IS,0.1082672369203115,0.1265,0.2309332749700215,-15,False,0
ENLT.TA,0.0251318286928115,0.0569374999999999,0.0258099208126788,-15,False,0
EONGn.DE,0.0261010413323143,0.178375,0.0266334565994807,-15,False,8
ETR.N,0.0360558565199554,0.1035546875,0.0368192188794838,-15,False,4
EXC.OQ,0.0399411677380341,0.09953125,0.0361298377028714,-15,False,5
FGEN.PS,0.0974243023985894,0.157,0.0456732834126514,-15,False,6
FORTUM.HE,0.0384099206689427,0.09809375,0.0241949466130838,-15,False,8
FTS.TO,0.046051090335033,0.10175,0.0395893617661842,-15,False,10
GEG.HM,0.0531702525125069,0.0854999999999999,0.060198707375508,-15,False,0
GPSC.BK,0.0274843221269618,0.0502499999999999,0.0247785520222517,-15,False,0
HDG.HM,0.0673092125812144,0.11375,0.0826228156028797,-15,False,0
HE.N,0.0235271105976596,0.141515625,0.0270832443553099,-15,False,3
HEGL.NS,0.1301590499698916,0.1685,0.0351728688854865,-15,True,3
HOLMb.ST,0.052037790924663,0.0734843749999999,0.0206693809499892,-15,False,6
IBE.MC,0.0383344249973147,0.10809375,0.0348564954982454,-15,False,9
IDA.N,0.0437997904930634,0.0848593749999999,0.0470748286918139,-15,False,3
IDC.HN,0.0553910596697367,0.161,0.0520089325654348,-15,False,0
LIGT3.SA,0.054055049568738,0.2295000000000001,0.0900766340083477,-15,False,0
MGEE.OQ,0.040024470821169,0.0740234374999999,0.0350820577116122,-15,False,6
MPLF.PSX,0.0819443511969939,0.117,0.1512149771219143,-15,False,0
NCLI.NS,0.057446333877169,0.08975,0.0914094883350019,-15,False,5
NEOE3.SA,0.0751096211279378,0.15325,0.0855270179234657,-15,False,0
NRG.N,0.0323951760378782,0.16175,0.0518721233984326,-15,False,4
NTPC.NS,0.0552875834541992,0.11175,0.0479180039415105,-15,False,2
ORK.OL,0.0607324884004186,0.109875,0.0217057064415658,-15,False,17
PAFO.NS,0.0380013810176145,0.0342031249999999,0.1531553807919091,-15,False,7
PC1.HM,0.0515754533613446,0.1175,0.051075019605614,-15,False,0
PEG.N,0.0349623655193578,0.08609375,0.0309817464232856,-15,False,4
PGRD.NS,0.0604773444975099,0.0995,0.0679532731427644,-15,True,5
PIF.TO,0.1238265048024489,0.2021250000000001,0.0822674666894431,-15,False,0
PTCI.NS,0.0771598677101603,0.173,0.0919817807340193,-15,False,3
RATCH.BK,0.0418078875579029,0.097,0.0010351376957253,-15,False,0
RITS.NS,0.0387806104575175,0.08875,0.1322398394341118,-15,False,0
RWEG.DE,0.0358781285825967,0.159203125,0.0466732751196923,-15,False,7
SHEL.L,0.0870523618996939,0.192875,0.0327585178113252,-15,False,3
SO.N,0.0318115682361984,0.08625,0.0351346655082536,-15,False,5
SPI.OQ,0.0325654931919773,0.1505,0.054706392298216,-15,False,0
SRG.MI,0.0237253067249153,0.089375,0.0100739763460135,-15,False,2
SSE.L,0.0419403934068132,0.0975625,0.0404158001190724,-15,False,3
SVT.L,0.0275101094113833,0.0557812499999999,0.0486088864263176,-15,False,4
SXC.N,0.0218126345936264,0.0189374999999999,0.0601277715144682,-15,False,0
TA.TO,0.01647811662259,0.0509999999999999,0.0501076637352961,-15,False,3
TCIL.NS,0.0493268854728688,0.0563124999999999,0.0951317182880889,-15,False,7
TTPW.NS,0.0445228090706076,0.095,0.0782425757267663,-15,False,4
UN01.DE,0.007944221554323,0.15975,0.0346124545142118,-15,False,0
UNACEMC1.LM,0.0607822687103664,0.105,0.0476822411428179,-15,False,0
VERB.VI,0.0304152981425149,0.0721249999999999,0.0171101554039718,-15,False,4
XEL.OQ,0.0341388458312904,0.083484375,0.0359830951901791,-15,False,4
000539.SZ,0.0269456358319172,0.091,0.0287845197090674,-16,False,6
000629.SZ,0.0437724380910189,0.0574999999999999,0.0321442446233507,-16,False,15
002545.SZ,0.0749556006284264,0.1085,0.0312421562742632,-16,False,0
071320.KS,0.0379024871761874,0.1668125,0.0175057438485064,-16,False,0
2083.SE,0.0432707803154414,0.09696875,0.0244991295133511,-16,False,0
2380.HK,0.0387012228199035,0.123,0.0375930687925147,-16,False,0
300772.SZ,,,0.0058842789267009,-16,False,0
3038.T,0.0130617016776905,0.0235312499999999,0.0029312958165647,-16,False,0
5711.T,0.089599740058051,0.2786250000000001,0.0104752658880521,-16,False,7
600011.SS,0.0223955418737381,0.0875,0.0329881809670105,-16,False,0
600025.SS,0.0200252522786058,0.0154999999999999,0.0331239324141345,-16,False,0
600116.SS,0.034168711902418,0.0449999999999999,0.0342240664087618,-16,False,11
600459.SS,0.0422229955031189,0.0596249999999999,0.0428465396059785,-16,False,0
600674.SS,0.0317234969687871,0.0354999999999999,0.0307494236948516,-16,False,4
600795.SS,0.0286397078951011,0.147,0.0333442165627162,-16,False,8
600886.SS,0.034982831817925,0.0955,0.0371306886774447,-16,False,0
600905.SS,0.0185956232174071,0.0131249999999999,0.0314988278337583,-16,False,0
600995.SS,0.0283754114895948,0.0281249999999999,0.0575503456736522,-16,False,0
601088.SS,0.0733229347054739,0.10925,0.0579034914403712,-16,False,6
6013.T,0.0655462534656309,0.1170625,0.0068250781466738,-16,False,5
601991.SS,0.025116085080461,0.1085,0.0355984448822094,-16,False,6
603212.SS,0.0401451181809531,0.0501874999999999,0.039150902730437,-16,False,0
6504.T,0.0543589017685578,0.12146875,0.0108438907356446,-16,False,6
688599.SS,0.0234207025768809,0.0594999999999999,0.0172008462304954,-16,False,0
8031.T,0.0645125409132947,0.1420625,0.0223412634717401,-16,False,10
9505.T,0.0226036928254642,0.1545,0.0055220428105126,-16,False,3
9513.T,0.0575010860945634,0.1606875,0.0142523963007284,-16,False,4
9531.T,0.0496793287610432,0.107375,0.0117775927798888,-16,False,6
A2.MI,0.0337308656716646,0.1685,0.0131459092860654,-16,False,7
ACOx.TO,0.0409367814991484,0.1490625,0.0433002512733162,-16,False,5
AEP.OQ,0.0356828639369941,0.0886640625,0.0308555673963415,-16,False,5
AES.N,0.0223151544052863,0.08246875,0.0475359605072772,-16,False,8
AEV.PS,0.0542939988128325,0.10825,0.0485198359065567,-16,True,5
ALS.TO,0.0824316474610306,0.120875,0.0605000620981361,-16,False,0
AP.PS,0.0536439993260904,0.0814999999999999,0.0537458577679365,-16,False,4
AVA.N,0.0457616039169859,0.102390625,0.0402740656930982,-16,False,4
AVNT.NS,0.0316075531362375,0.0411249999999999,0.1119314082410521,-16,False,0
AWR.N,0.0226600824012632,0.0357109374999999,0.0373071284816259,-16,False,4
AY.OQ,0.0367933967642167,0.0652968749999999,0.0524290462980849,-16,False,0
BEPC.N,0.0340446216316321,0.102796875,0.0733006605582782,-16,False,0
BEP_u.TO,0.0212948978521626,0.08459375,0.0480931953244913,-16,False,0
BKH.N,0.0440443711250025,0.0928359375,0.0348299249776132,-16,False,7
BN.N,0.0356306741681094,0.1909375000000001,0.0474265911528268,-16,False,6
BP.L,0.0431269096032903,0.162375,0.0333555583587119,-16,False,6
CBAV3.SA,0.0636820421014999,0.125875,0.0577302034483162,-16,False,0
CMIG4.SA,0.0717112456327682,0.1425,0.0870849882312726,-16,False,0
CMS.N,0.0311360514435167,0.0862421875,0.0362683438155136,-16,False,4
CPFE3.SA,0.0456041921867979,0.126625,0.0636881850454303,-16,False,0
CRBR.NS,0.032682292437109,0.0392499999999999,0.0852461665032841,-16,False,5
CSNA3.SA,0.0717254884260437,0.2065000000000001,0.0623304200428057,-16,False,0
CU.TO,0.038316823048968,0.10153125,0.0423653301545585,-16,False,5
DEHr.AT,0.0411499884709695,0.172375,0.0280824416450185,-16,True,5
DUK.N,0.037720673013956,0.0976796875,0.0330922757553966,-16,False,8
EDP.LS,0.0296410044259338,0.124625,0.0337488816294434,-16,False,9
ELE.MC,0.0166422027209494,0.11653125,0.0128317561722062,-16,False,0
ELET6.SA,0.0462891338392313,0.0786875,0.07876424314984,-16,False,0
EMA.TO,0.042732833860535,0.10559375,0.0387880495360635,-16,False,3
ENAE.WA,0.0841006024019767,0.1995000000000001,0.0422652659997075,-16,False,4
ENEI.MI,0.0298510735666975,0.1655,0.0289307303558714,-16,False,7
ENGIE.PA,0.0261618590457236,0.17559375,0.0259242942957083,-16,False,8
ENJSA.IS,0.1069004884822635,0.12275,0.2309332749700215,-16,False,0
ENLT.TA,0.0146235320317407,0.0107617187499999,0.0258099208126788,-16,False,0
EONGn.DE,0.0260416311434464,0.177875,0.0266334565994807,-16,False,6
ETR.N,0.0353859121042765,0.10052734375,0.0368192188794838,-16,False,4
EXC.OQ,0.0391585834948853,0.096515625,0.0361298377028714,-16,False,4
FGEN.PS,0.096327176501897,0.155,0.0456732834126514,-16,False,2
FORTUM.HE,0.0373555470964869,0.09484375,0.0241949466130838,-16,False,6
FTS.TO,0.045140235663194,0.098734375,0.0395893617661842,-16,False,9
GEG.HM,0.0366773810209967,0.0194999999999999,0.060198707375508,-16,False,0
GPSC.BK,0.0280282606428547,0.0517499999999999,0.0247785520222517,-16,False,0
HDG.HM,0.0656415196978825,0.109,0.0826228156028797,-16,False,0
HE.N,0.0230051170941156,0.13765625,0.0270832443553099,-16,False,3
HEGL.NS,0.1331204547090542,0.1724375,0.0351728688854865,-16,True,4
HOLMb.ST,0.0484428379094117,0.0683437499999999,0.0206693809499892,-16,False,6
IBE.MC,0.0373757137014339,0.10459375,0.0348564954982454,-16,False,8
IDA.N,0.0427691037345409,0.0820898437499999,0.0470748286918139,-16,False,3
IDC.HN,0.0530653353229997,0.153,0.0520089325654348,-16,False,0
LIGT3.SA,0.053376493074144,0.2237500000000001,0.0900766340083477,-16,False,0
MGEE.OQ,0.038928540666334,0.0714726562499999,0.0350820577116122,-16,False,6
MPLF.PSX,0.0819443511969939,0.117,0.1512149771219143,-16,False,0
NCLI.NS,0.057446333877169,0.08975,0.0914094883350019,-16,False,5
NEOE3.SA,0.0739510605005411,0.14925,0.0855270179234657,-16,False,0
NRG.N,0.0318492992451794,0.15759375,0.0518721233984326,-16,False,4
NTPC.NS,0.0549520948358828,0.11075,0.0479180039415105,-16,False,2
ORK.OL,0.070421379079845,0.128625,0.0217057064415658,-16,False,15
PAFO.NS,0.0382801924078244,0.0345781249999999,0.1531553807919091,-16,False,6
PC1.HM,0.0555734390461091,0.1345,0.051075019605614,-16,False,0
PEG.N,0.0348875109353232,0.0858281249999999,0.0309817464232856,-16,False,4
PGRD.NS,0.0594823466639488,0.0965,0.0679532731427644,-16,True,5
PIF.TO,0.113936033219461,0.1825,0.0822674666894431,-16,False,0
PTCI.NS,0.0765562765233608,0.171,0.0919817807340193,-16,False,0
RATCH.BK,0.0414876418617275,0.09625,0.0010351376957253,-16,False,0
RITS.NS,0.0421594081796795,0.0965,0.1322398394341118,-16,False,0
RWEG.DE,0.0357848305920086,0.158734375,0.0466732751196923,-16,False,4
SHEL.L,0.097317085706982,0.2167500000000001,0.0327585178113252,-16,False,0
SO.N,0.0312092569255846,0.0835781249999999,0.0351346655082536,-16,False,5
SPI.OQ,0.0333964241943789,0.16625,0.054706392298216,-16,False,0
SRG.MI,0.0289701744432496,0.112125,0.0100739763460135,-16,False,2
SSE.L,0.040907304427349,0.09428125,0.0404158001190724,-16,False,3
SVT.L,0.0270507190289524,0.0500312499999999,0.0486088864263176,-16,False,4
SXC.N,,,0.0601277715144682,-16,False,0
TA.TO,0.0164771390599795,0.0509374999999999,0.0501076637352961,-16,False,3
TCIL.NS,0.0463367334689334,0.0526249999999999,0.0951317182880889,-16,False,6
TTPW.NS,0.0438219022406851,0.091875,0.0782425757267663,-16,False,4
UN01.DE,0.0079268190830733,0.15925,0.0346124545142118,-16,False,0
UNACEMC1.LM,0.0607822687103664,0.105,0.0476822411428179,-16,False,0
VERB.VI,0.0295194292112188,0.0697812499999999,0.0171101554039718,-16,False,5
XEL.OQ,0.0333958009583169,0.0807578124999999,0.0359830951901791,-16,False,4
000539.SZ,0.0304243501452214,0.1135,0.0287845197090674,-18,False,2
000629.SZ,0.0385386823097942,0.0504999999999999,0.0321442446233507,-18,False,7
002545.SZ,0.0597096009611662,0.0849999999999999,0.0312421562742632,-18,False,0
071320.KS,0.0440467066048602,0.1993437500000001,0.0175057438485064,-18,False,0
2083.SE,0.0404311746316194,0.088625,0.0244991295133511,-18,False,0
2380.HK,0.0430526094600015,0.147,0.0375930687925147,-18,False,0
300772.SZ,0.0019179726938161,0.0013242187499999,0.0058842789267009,-18,False,0
3038.T,0.0143382955967031,0.0258984374999999,0.0029312958165647,-18,False,0
5711.T,0.0590207462981563,0.1811250000000001,0.0104752658880521,-18,False,8
600011.SS,0.0244731808339232,0.109,0.0329881809670105,-18,False,0
600025.SS,0.0349136723923303,0.0614999999999999,0.0331239324141345,-18,False,0
600116.SS,0.048942926417317,0.0734999999999999,0.0342240664087618,-18,False,10
600459.SS,0.043158458973445,0.0614999999999999,0.0428465396059785,-18,False,0
600674.SS,0.0474842162057674,0.0609999999999999,0.0307494236948516,-18,False,7
600795.SS,0.0279887356477968,0.141,0.0333442165627162,-18,False,3
600886.SS,0.0355040238785103,0.09825,0.0371306886774447,-18,False,0
600905.SS,0.0187056108880603,0.0134999999999999,0.0314988278337583,-18,False,0
600995.SS,0.0399194340041008,0.0517499999999999,0.0575503456736522,-18,False,0
601088.SS,0.088842205646853,0.13375,0.0579034914403712,-18,False,2
6013.T,0.0374483142598964,0.0668749999999999,0.0068250781466738,-18,False,5
601991.SS,0.0253489514744258,0.111,0.0355984448822094,-18,False,2
603212.SS,0.0599418674301708,0.0829999999999999,0.039150902730437,-18,False,0
6504.T,0.0426589245881206,0.094734375,0.0108438907356446,-18,False,6
688599.SS,,,0.0172008462304954,-18,False,0
8031.T,0.0560384108411651,0.12159375,0.0223412634717401,-18,False,10
9505.T,0.0217306957966859,0.14775,0.0055220428105126,-18,False,3
9513.T,0.0553036231482868,0.153875,0.0142523963007284,-18,False,3
9531.T,0.0571854153746118,0.124625,0.0117775927798888,-18,False,6
A2.MI,0.0324535221044816,0.1615,0.0131459092860654,-18,False,5
ACOx.TO,0.0390106453708913,0.1384375,0.0433002512733162,-18,False,5
AEP.OQ,0.034553540448156,0.0842578124999999,0.0308555673963415,-18,False,5
AES.N,0.0221204269823788,0.0777968749999999,0.0475359605072772,-18,False,8
AEV.PS,0.0526293247644721,0.103,0.0485198359065567,-18,True,5
ALS.TO,0.0469676692889185,0.0639374999999999,0.0605000620981361,-18,False,0
AP.PS,0.0605506345876971,0.101,0.0537458577679365,-18,False,4
AVA.N,0.0432041976330705,0.0942656249999999,0.0402740656930982,-18,False,5
AVNT.NS,0.0390787028115559,0.0508749999999999,0.1119314082410521,-18,False,0
AWR.N,0.0230783459382744,0.0369101562499999,0.0373071284816259,-18,False,4
AY.OQ,0.0402323356174261,0.0848593749999999,0.0524290462980849,-18,False,0
BEPC.N,0.0374873164893293,0.128171875,0.0733006605582782,-18,False,0
BEP_u.TO,0.0242437833788273,0.13075,0.0480931953244913,-18,False,0
BKH.N,0.0416165894752733,0.0850390624999999,0.0348299249776132,-18,False,8
BN.N,0.0332689626625937,0.164625,0.0474265911528268,-18,False,0
BP.L,0.0429511182663473,0.161625,0.0333555583587119,-18,False,5
CBAV3.SA,0.0620215371850885,0.121875,0.0577302034483162,-18,False,0
CMIG4.SA,0.069276699363255,0.1365,0.0870849882312726,-18,False,0
CMS.N,0.0295420248551519,0.0788828124999999,0.0362683438155136,-18,False,5
CPFE3.SA,0.0444902739075184,0.12175,0.0636881850454303,-18,False,0
CRBR.NS,0.033490852342624,0.0403749999999999,0.0852461665032841,-18,False,6
CSNA3.SA,0.0758355351783133,0.2245000000000001,0.0623304200428057,-18,False,2
CU.TO,0.0364522956529545,0.0938125,0.0423653301545585,-18,False,5
DEHr.AT,0.0396244051376575,0.1650625,0.0280824416450185,-18,True,5
DUK.N,0.036488627822307,0.093046875,0.0330922757553966,-18,False,8
EDP.LS,0.028818861831242,0.119375,0.0337488816294434,-18,False,8
ELE.MC,0.0160421561583433,0.111125,0.0128317561722062,-18,False,0
ELET6.SA,0.0624425660034339,0.1181875,0.07876424314984,-18,False,0
EMA.TO,0.0414976914104821,0.1006875,0.0387880495360635,-18,False,3
ENAE.WA,0.0809218272181726,0.1915000000000001,0.0422652659997075,-18,False,0
ENEI.MI,0.0291007810132639,0.15975,0.0289307303558714,-18,False,5
ENGIE.PA,0.0245114996886383,0.163,0.0259242942957083,-18,False,9
ENJSA.IS,0.1048048075439233,0.117,0.2309332749700215,-18,False,0
ENLT.TA,0.0234321532663698,0.0494687499999999,0.0258099208126788,-18,False,0
EONGn.DE,0.0246454917050505,0.166125,0.0266334565994807,-18,False,0
ETR.N,0.0343390699270026,0.095796875,0.0368192188794838,-18,False,4
EXC.OQ,0.0379360490425051,0.0918046875,0.0361298377028714,-18,False,5
FGEN.PS,0.0985214282952818,0.159,0.0456732834126514,-18,False,0
FORTUM.HE,0.0357232957006659,0.0898124999999999,0.0241949466130838,-18,False,6
FTS.TO,0.043724399385724,0.094046875,0.0395893617661842,-18,False,10
GEG.HM,0.0506713325895508,0.0754999999999999,0.060198707375508,-18,False,0
GPSC.BK,0.0322891123506832,0.0634999999999999,0.0247785520222517,-18,False,0
HDG.HM,0.060462894428589,0.09425,0.0826228156028797,-18,False,0
HE.N,0.0221893701614517,0.131625,0.0270832443553099,-18,False,3
HEGL.NS,0.110792403104257,0.14275,0.0351728688854865,-18,True,3
HOLMb.ST,0.0524912576423922,0.0741328124999999,0.0206693809499892,-18,False,6
IBE.MC,0.0358948471461894,0.0991875,0.0348564954982454,-18,False,7
IDA.N,0.0411685591349172,0.0777890624999999,0.0470748286918139,-18,False,4
IDC.HN,0.0569899951581183,0.1665,0.0520089325654348,-18,False,0
LIGT3.SA,0.0523439071041098,0.2150000000000001,0.0900766340083477,-18,False,0
MGEE.OQ,0.0372317789717886,0.0675234374999999,0.0350820577116122,-18,False,6
MPLF.PSX,0.0905027470655292,0.133,0.1512149771219143,-18,False,0
NCLI.NS,0.0641569561374711,0.103,0.0914094883350019,-18,False,0
NEOE3.SA,0.0720683994810217,0.14275,0.0855270179234657,-18,False,0
NRG.N,0.0309997015302271,0.151125,0.0518721233984326,-18,False,4
NTPC.NS,0.0559585606908321,0.11375,0.0479180039415105,-18,False,2
ORK.OL,0.0575674507784727,0.10375,0.0217057064415658,-18,False,18
PAFO.NS,0.0408011120609723,0.0379687499999999,0.1531553807919091,-18,False,6
PC1.HM,,,0.051075019605614,-18,False,0
PEG.N,0.0329809206478524,0.0790624999999999,0.0309817464232856,-18,False,6
PGRD.NS,0.0580727663997371,0.09225,0.0679532731427644,-18,False,0
PIF.TO,0.1225035754824314,0.1995000000000001,0.0822674666894431,-18,False,0
PTCI.NS,0.0777634588969597,0.175,0.0919817807340193,-18,False,0
RATCH.BK,0.0426618760810371,0.099,0.0010351376957253,-18,False,0
RITS.NS,0.0325679823877357,0.0744999999999999,0.1322398394341118,-18,False,0
RWEG.DE,0.0334617106263649,0.1470625,0.0466732751196923,-18,False,5
SHEL.L,0.0902903179697939,0.2004062500000001,0.0327585178113252,-18,False,5
SO.N,0.0302723282201854,0.0794218749999999,0.0351346655082536,-18,False,4
SPI.OQ,0.0370235039667669,0.2350000000000001,0.054706392298216,-18,False,0
SRG.MI,0.0295753514876727,0.11475,0.0100739763460135,-18,False,5
SSE.L,0.0393133957161757,0.08921875,0.0404158001190724,-18,False,4
SVT.L,0.0271381030690887,0.0511249999999999,0.0486088864263176,-18,False,6
SXC.N,,,0.0601277715144682,-18,False,0
TA.TO,0.0164776278412847,0.0509687499999999,0.0501076637352961,-18,False,2
TCIL.NS,0.0503151560504407,0.0575312499999999,0.0951317182880889,-18,False,4
TTPW.NS,0.0427284875860059,0.087,0.0782425757267663,-18,False,2
UN01.DE,0.0075135103908929,0.147375,0.0346124545142118,-18,False,0
UNACEMC1.LM,0.0683834513176938,0.121,0.0476822411428179,-18,False,0
VERB.VI,0.0281278461379388,0.0661406249999999,0.0171101554039718,-18,False,5
XEL.OQ,0.03223971681498,0.0765156249999999,0.0359830951901791,-18,False,4
000539.SZ,0.0368406454342048,0.155,0.0287845197090674,-19,False,0
000629.SZ,0.0314357280352749,0.0409999999999999,0.0321442446233507,-19,False,14
002545.SZ,0.0506268777551389,0.0709999999999999,0.0312421562742632,-19,False,0
071320.KS,0.0384277854750845,0.16959375,0.0175057438485064,-19,False,0
2083.SE,0.0428347359969519,0.0956875,0.0244991295133511,-19,False,0
2380.HK,0.039063838373245,0.125,0.0375930687925147,-19,False,0
300772.SZ,,,0.0058842789267009,-19,False,0
3038.T,0.0154337227219285,0.0279296874999999,0.0029312958165647,-19,False,0
5711.T,0.0313134336830208,0.09278125,0.0104752658880521,-19,False,8
600011.SS,0.0284593486063714,0.15025,0.0329881809670105,-19,False,0
600025.SS,0.0351564183724454,0.0622499999999999,0.0331239324141345,-19,False,0
600116.SS,0.0515348938760712,0.0784999999999999,0.0342240664087618,-19,False,5
600459.SS,0.0326812681057919,0.0404999999999999,0.0428465396059785,-19,False,0
600674.SS,0.0504200364557932,0.0657499999999999,0.0307494236948516,-19,False,3
600795.SS,0.028476964833275,0.1455,0.0333442165627162,-19,False,0
600886.SS,0.0376835543136851,0.10975,0.0371306886774447,-19,False,0
600905.SS,0.0160109129570559,0.0043124999999999,0.0314988278337583,-19,False,0
600995.SS,0.0421182954354353,0.0562499999999999,0.0575503456736522,-19,False,0
601088.SS,0.085358287680421,0.12825,0.0579034914403712,-19,False,0
6013.T,0.0526694892966268,0.0940625,0.0068250781466738,-19,False,5
601991.SS,0.0266530032806288,0.125,0.0355984448822094,-19,False,2
603212.SS,0.0588860408035458,0.0812499999999999,0.039150902730437,-19,False,0
6504.T,0.0306717475002734,0.0673437499999999,0.0108438907356446,-19,False,6
688599.SS,,,0.0172008462304954,-19,False,0
8031.T,0.0546023368900103,0.118125,0.0223412634717401,-19,False,8
9505.T,0.0225066931556,0.15375,0.0055220428105126,-19,False,3
9513.T,0.0572390033578515,0.159875,0.0142523963007284,-19,False,3
9531.T,0.0548329643163738,0.11921875,0.0117775927798888,-19,False,6
A2.MI,0.0335483880192099,0.1675,0.0131459092860654,-19,False,0
ACOx.TO,0.0406421959736503,0.1474375,0.0433002512733162,-19,False,5
AEP.OQ,0.0355447020208065,0.088125,0.0308555673963415,-19,False,6
AES.N,0.0222910577007794,0.081890625,0.0475359605072772,-19,False,4
AEV.PS,0.0540561882344953,0.1075,0.0485198359065567,-19,True,5
ALS.TO,0.0216056695313652,0.0232187499999999,0.0605000620981361,-19,False,0
AP.PS,0.0725929729925499,0.135,0.0537458577679365,-19,False,0
AVA.N,0.0453730748853911,0.10115625,0.0402740656930982,-19,False,5
AVNT.NS,0.0509559151159083,0.0663749999999999,0.1119314082410521,-19,False,0
AWR.N,0.0224093967634453,0.0349921874999999,0.0373071284816259,-19,False,5
AY.OQ,0.0411360184310889,0.09,0.0524290462980849,-19,False,0
BEPC.N,0.0323084350008106,0.09,0.0733006605582782,-19,False,0
BEP_u.TO,0.0247558951849136,0.138765625,0.0480931953244913,-19,False,0
BKH.N,0.0436746087895728,0.0916484375,0.0348299249776132,-19,False,7
BN.N,0.0286927960102791,0.113640625,0.0474265911528268,-19,True,5
BP.L,0.0382926478373594,0.14175,0.0333555583587119,-19,False,6
CBAV3.SA,0.0636301513228621,0.12575,0.0577302034483162,-19,False,0
CMIG4.SA,0.0713054879211826,0.1415,0.0870849882312726,-19,False,0
CMS.N,0.0308940707618435,0.0851249999999999,0.0362683438155136,-19,False,5
CPFE3.SA,0.0454756631545734,0.1260625,0.0636881850454303,-19,False,5
CRBR.NS,0.0267528531299994,0.0309999999999999,0.0852461665032841,-19,False,5
CSNA3.SA,0.0587103403771901,0.1495,0.0623304200428057,-19,False,2
CU.TO,0.0380299726803505,0.10034375,0.0423653301545585,-19,False,5
DEHr.AT,0.0409544008641346,0.1714375,0.0280824416450185,-19,True,4
DUK.N,0.0375710823667406,0.0971171875,0.0330922757553966,-19,False,7
EDP.LS,0.0295333428956766,0.1239375,0.0337488816294434,-19,False,7
ELE.MC,0.016569364698899,0.115875,0.0128317561722062,-19,False,0
ELET6.SA,0.0652029626390888,0.1249375,0.07876424314984,-19,False,0
EMA.TO,0.0425833580226305,0.105,0.0387880495360635,-19,False,3
ENAE.WA,0.0837032555040011,0.1985000000000001,0.0422652659997075,-19,False,0
ENEI.MI,0.0297532093205975,0.16475,0.0289307303558714,-19,False,8
ENGIE.PA,0.0259120527906809,0.1736875,0.0259242942957083,-19,False,4
ENJSA.IS,0.1066726970759222,0.122125,0.2309332749700215,-19,False,0
ENLT.TA,0.0236134993892747,0.0502656249999999,0.0258099208126788,-19,False,0
EONGn.DE,0.0258336954824087,0.1761250000000001,0.0266334565994807,-19,False,0
ETR.N,0.0352571098875846,0.0999453125,0.0368192188794838,-19,False,4
EXC.OQ,0.0390085543912764,0.0959375,0.0361298377028714,-19,False,5
FGEN.PS,0.107298435468821,0.175,0.0456732834126514,-19,False,0
FORTUM.HE,0.0371527829479377,0.09421875,0.0241949466130838,-19,False,7
FTS.TO,0.0449703353098976,0.098171875,0.0395893617661842,-19,False,10
GEG.HM,0.0510461705779942,0.0769999999999999,0.060198707375508,-19,False,0
GPSC.BK,0.0393603130572921,0.0829999999999999,0.0247785520222517,-19,False,0
HDG.HM,0.0522999766312279,0.0709999999999999,0.0826228156028797,-19,False,0
HE.N,0.0229057903950607,0.136921875,0.0270832443553099,-19,False,3
HEGL.NS,0.0869601459176629,0.1110625,0.0351728688854865,-19,True,5
HOLMb.ST,0.0462902368638053,0.0652656249999999,0.0206693809499892,-19,False,6
IBE.MC,0.0371959553334562,0.1039375,0.0348564954982454,-19,False,4
IDA.N,0.0425728516719168,0.0815624999999999,0.0470748286918139,-19,False,5
IDC.HN,0.0472510244561572,0.133,0.0520089325654348,-19,False,0
LIGT3.SA,0.053287985705284,0.2230000000000001,0.0900766340083477,-19,False,0
MGEE.OQ,0.0387187531175524,0.0709843749999999,0.0350820577116122,-19,False,6
MPLF.PSX,0.0915725465490962,0.135,0.1512149771219143,-19,False,0
NCLI.NS,0.064916649223543,0.1045,0.0914094883350019,-19,False,0
NEOE3.SA,0.0737338303829043,0.1485,0.0855270179234657,-19,False,0
NRG.N,0.0317466908254992,0.1568125,0.0518721233984326,-19,False,0
NTPC.NS,0.0599844241106296,0.12575,0.0479180039415105,-19,False,2
ORK.OL,0.0561464134788235,0.101,0.0217057064415658,-19,False,7
PAFO.NS,0.0410683063099235,0.0383281249999999,0.1531553807919091,-19,False,6
PC1.HM,,,0.051075019605614,-19,False,0
PEG.N,0.0345968990208357,0.084796875,0.0309817464232856,-19,False,6
PGRD.NS,0.0593579719347536,0.096125,0.0679532731427644,-19,False,0
PIF.TO,0.1226295687510045,0.1997500000000001,0.0822674666894431,-19,False,0
PTCI.NS,0.0825921883913552,0.1910000000000001,0.0919817807340193,-19,False,0
RATCH.BK,0.047572310089059,0.1105,0.0010351376957253,-19,False,0
RITS.NS,0.0312600606888342,0.0714999999999999,0.1322398394341118,-19,False,0
RWEG.DE,0.0354334081607934,0.15696875,0.0466732751196923,-19,False,7
SHEL.L,0.0904985682564601,0.2008906250000001,0.0327585178113252,-19,False,5
SO.N,0.0310947825536843,0.0830703125,0.0351346655082536,-19,False,4
SPI.OQ,0.0368388526328999,0.2315000000000001,0.054706392298216,-19,False,0
SRG.MI,,,0.0100739763460135,-19,False,5
SSE.L,0.0407105255741177,0.09365625,0.0404158001190724,-19,False,3
SVT.L,0.0269957919180096,0.0493437499999999,0.0486088864263176,-19,False,6
SXC.N,0.056651870662767,0.117375,0.0601277715144682,-19,False,0
TA.TO,0.0164160413968196,0.0470312499999999,0.0501076637352961,-19,False,3
TCIL.NS,0.0469448999782084,0.0533749999999999,0.0951317182880889,-19,False,4
TTPW.NS,0.0436817208747006,0.09125,0.0782425757267663,-19,False,3
UN01.DE,0.0078659104336993,0.1575,0.0346124545142118,-19,False,0
UNACEMC1.LM,0.0686209882741728,0.1215,0.0476822411428179,-19,False,0
VERB.VI,0.0293492141142725,0.0693359374999999,0.0171101554039718,-19,False,5
XEL.OQ,0.0332531533752533,0.080234375,0.0359830951901791,-19,False,4
