Instrument,Revenue,Price Close,Earnings Per Share - SmartEstimate®,Earnings Per Share - SmartEstimate®,Earnings Per Share - SmartEstimate®,Return On Equity - Actual,Company Market Cap,Common Shares - Outstanding - Total,Total Assets,Interest Expense,Total Liabilities,Dividend Payout Ratio - %,Interest Bearing Liabilities - Total,Shareholders Equity - Common,Total Capital,Total Debt,Long Term Growth - Mean,"Return on Average Common Equity - %, TTM",TRBC Economic Sector Name,TRBC Business Sector Name,TRBC Industry Group Name,TRBC Industry Name,TRBC Activity Name,TRBC Economic Sector Code,TRBC Business Sector Code,TRBC Industry Group Code,TRBC Industry Code,TRBC Activity Code,Depreciation Depletion & Amortization - Total,"WACC Tax Rate, (%)",Earnings before Interest & Taxes (EBIT),Country of Headquarters,Operating Profit before Non-Recurring Income/Expense,Capital Expenditures - Total,ESG Combined Score Grade,year
000537.SZ,497275401.612248,1.91816969204895,,,,4.23,3572630795.91718,1862520720.0,5442747169.08021,108718302.614735,2879324773.52259,29.4376979149568,2474795027.96932,2379117107.07243,5038217423.52694,2474795028.41733,,3.22660335186593,Utilities,Utilities,Electric Utilities & IPPs,Electric Utilities,Wind Electric Utilities,59,5910,591010,59101010,5910101023,198184451.338096,12.91442,218488051.088364,China,218488051.088364,462905265.617811,D+,FY0
000539.SZ,7571296082.46825,0.804674360610102,0.040661032209346,0.063895907757544,,-13.83,3797004975.64305,5250283986.0,19083657527.8374,336200767.397716,14902020301.8616,,11679915829.612,2950515226.32373,15861553055.5878,11679915831.0619,,-13.6852408867365,Utilities,Utilities,Electric Utilities & IPPs,Independent Power Producers,Fossil Fuel IPPs,59,5910,591010,59101020,5910102011,763535974.351359,26.91141,-424189031.279097,China,-424189031.279097,2174027462.14225,,FY0
000629.SZ,2187488599.72163,0.685785536159601,0.027335328471395,0.029972106807682,0.040677572130052,16.339,5899434346.75811,8589746202.0,1730452718.55971,1507248.50259179,382055598.468944,0.0,46890151.5731021,1293823845.6997,1395287271.66386,46890152.5256626,,16.2135080426245,Basic Materials,Mineral Resources,Metals & Mining,Specialty Mining & Metals,Nonferrous Metal Processing,51,5120,512010,51201050,5120105016,47077390.134193,10.349001171104,206638455.78548,China,206638455.78548,22053480.3160905,C+,FY0
000883.SZ,2983560684.0457,0.608942759380618,,,,3.81,4000128536.39157,6506671586.0,11522775106.3084,127072789.63729,6149440174.53459,33.9031971553155,4747074495.82874,4498423737.85014,10120409427.6025,4747074496.89729,,3.76227617451612,Utilities,Utilities,Electric Utilities & IPPs,Independent Power Producers,Independent Power Producers (NEC),59,5910,591010,59101020,5910102010,330848116.876588,20.76349793513,310048010.796646,China,310048010.796646,919613781.790289,C,FY0
002060.SZ,2450832378.35643,0.997506234413965,,,,9.939,1199263898.25436,1202262058.0,15633077586.583,103771123.163066,14027125238.0227,130.2017737345,3917015129.60767,1453035264.88285,5522967478.16795,3917015130.77771,,5.72060918498323,Industrials,Industrial & Commercial Services,Construction & Engineering,Construction & Engineering,Construction & Engineering (NEC),52,5220,522010,52201020,5220102010,146463002.201991,18.97011,162217443.404449,China,162217443.404449,657060586.744609,,FY0
002545.SZ,524286430.725512,1.20193701792032,0.139827546026567,0.173327895595432,,10.06,1495284270.14875,1244062083.0,1890067027.85913,10731848.2852822,662176912.613814,61.8636054700755,343505364.708867,1226211118.20594,1571395479.95418,343505364.495737,,10.055721790492,Basic Materials,Chemicals,Chemicals,Agricultural Chemicals,Fertilizers,51,5110,511010,51101020,5110102011,44550483.0284925,19.61121,152959777.287455,China,152959777.287455,34036265.0584249,,FY0
071320.KS,3309509831.25813,22.6037990244676,-13.7614695452716,0.248556646685888,,-10.551,261723602.33176,11578744.0,5930693366.47686,49704648.0921101,4608640340.6251,,2839333679.40551,1120137757.01234,4161386705.25727,2839333679.40869,,-12.6786687427124,Utilities,Utilities,Electric Utilities & IPPs,Electric Utilities,Fossil Fuel Electric Utilities,59,5910,591010,59101010,5910101012,222096859.684647,23.67907,-313423318.964554,Korea; Republic (S. Korea),-313423318.964554,406224973.936035,,FY0
1811.HK,2430056000.0,0.34573276138037,,,,14.264,1483478430.11716,4290824000.0,8343933000.0,454205000.0,6836555000.0,20.000204977888,5930265000.0,1370043000.0,7437643000.0,5930265000.0,,14.1763509787954,Utilities,Utilities,Electric Utilities & IPPs,Independent Power Producers,Independent Power Producers (NEC),59,5910,591010,59101020,5910102010,340977000.0,21.269444291139,589652000.0,Hong Kong,589652000.0,376014000.0,,FY0
2083.SE,1731459409.10301,12.4783823333777,0.858003144235125,0.900636840843082,0.943270537451038,10.71,3119595583.34441,250000000.0,6448299174.87357,75291537.3281597,4253767101.4107,32.5193638029918,3073233164.75912,2194532073.46287,5267765238.22199,3073233164.75912,,,Utilities,Utilities,Multiline Utilities,Multiline Utilities,Multiline Utilities,59,5910,591040,59104010,5910401010,312638455.498846,12.046018243771,280450901.789281,Saudi Arabia,280450901.789281,200815965.107051,,FY0
2380.HK,6334328278.14185,0.422562263909341,0.042327729273396,0.060318926329461,,7.44,5227159004.27684,12370150983.0,30650838601.1715,635561506.524952,20706208171.4319,21.8340965156963,16906348083.2802,5557235399.87241,26850978513.0198,16906348083.2802,,6.95066664021825,Utilities,Utilities,Electric Utilities & IPPs,Electric Utilities,Fossil Fuel Electric Utilities,59,5910,591010,59101010,5910101012,1161324864.98901,20.90695,836287304.624039,Hong Kong,836287304.624039,2620228557.9769,B-,FY0
300569.SZ,606444045.409731,1.16714028881285,,,,,944555605.093371,809290549.0,1618819999.88691,30297499.163659,1031756841.99965,30.0508825843065,819546241.627037,581222883.519399,1406609399.5143,819546241.953256,,5.8324087905257,Energy,Renewable Energy,Renewable Energy,Renewable Energy Equipment & Services,Wind Systems & Equipment,50,5020,502010,50201010,5020101011,35396482.5661461,14.27416,64014301.3718493,China,64014301.3718493,122341018.376915,,FY0
300772.SZ,2520427021.11002,2.15594734094995,0.160744673114683,0.203671005745037,0.255981383172133,16.12,1513643962.60076,688085538.0,4202480039.71612,8168448.8094347,3472196300.43206,11.3882837836234,1388181782.54074,714912804.387287,2118465521.8248,1388181782.46245,,15.7727662827696,Energy,Renewable Energy,Renewable Energy,Renewable Energy Equipment & Services,Wind Systems & Equipment,50,5020,502010,50201010,5020101011,23427716.4720104,12.91442,82843282.6012977,China,82843282.6012977,193235233.268949,,FY0
3038.T,2735612937.93289,28.907024635802,0.707855571531272,0.832841840402588,0.85801393728223,24.3,7908961940.35542,219109480.0,1212258758.65779,680815.185315925,558503126.891265,23.1566820276498,232257413.758322,653755631.766526,886013045.524847,232257413.758322,9.428,23.7485607451065,Consumer Non-Cyclicals,Food & Drug Retailing,Food & Drug Retailing,Food Retail & Distribution,Supermarkets & Convenience Stores,54,5430,543010,54301020,5430102012,38758966.8291485,33.83299,220235795.994058,Japan,220235795.994058,90200095.5987168,D+,FY0
5110.SE,19185367048.1767,6.1460689104696,,,,23.8,25608172708.9264,4166593815.0,127623512376.896,687146713.06793,59204368379.0258,38.4869275832625,26599482033.5374,68419143997.8706,95018626031.408,26599482033.5374,,2.96261267266625,Utilities,Utilities,Electric Utilities & IPPs,Electric Utilities,Electric Utilities (NEC),59,5910,591010,59101010,5910101010,5150152423.5207,4.25314863352,4627053403.01226,Saudi Arabia,4627053403.01226,7941362760.70281,C+,FY0
5711.T,12244393403.1177,15.8950499580505,1.74637409318675,1.99978824850299,2.32258390718563,3.5,2090032727.78582,130631679.0,14246517057.0073,44511084.2403034,9510655922.88576,32.1839645843581,4249160328.33798,4468145191.656,8985021462.45952,4249160328.33798,,3.45119688458607,Basic Materials,Mineral Resources,Metals & Mining,Diversified Mining,Diversified Mining,51,5120,512010,51201080,5120108010,341064147.649096,29.12491,370624718.060764,Japan,370624718.060764,567764265.753601,B,FY0
600011.SS,34273985866.7285,1.10334628544917,0.079641958444173,0.098106262132432,,-6.452,14355220334.1283,15698093359.0,72871016860.1751,1483485599.59928,54216883458.9399,,44970215274.4592,7041844823.11663,63624348675.6945,44970215275.7641,,-17.693255022637,Utilities,Utilities,Electric Utilities & IPPs,Independent Power Producers,Fossil Fuel IPPs,59,5910,591010,59101020,5910102011,3560880356.91596,31.524479395274,22013173.5074144,China,22013173.5074144,6064660371.60145,C+,FY0
600025.SS,3065261020.41408,0.956910050455257,0.061443702843877,0.06539901334881,0.068195008705746,10.3,17224380908.1946,18000000000.0,26334022557.0072,448907241.560745,15444843436.3916,50.0,13552353505.2616,8523304154.63086,24441532625.8772,13552353505.7705,,11.4343082699302,Utilities,Utilities,Electric Utilities & IPPs,Independent Power Producers,Renewable IPPs,59,5910,591010,59101020,5910102012,823382623.163574,11.95637,1640515288.0324,China,1640515288.0324,1178325025.10518,C-,FY0
600116.SS,1599474543.29293,1.24253320187902,0.078413150175704,0.100194580780066,,4.339,2375901044.95737,1912142904.0,3169462540.01914,40099864.712277,1489589864.91475,60.2284658237358,1171686153.05196,1643028753.09401,2851558828.15635,1171686152.35168,,4.22548697226111,Utilities,Utilities,Electric Utilities & IPPs,Electric Utilities,Hydroelectric & Tidal Utilities,59,5910,591010,59101010,5910101021,86007653.3168967,14.31353,102693519.022254,China,102693519.022254,103750784.156341,,FY0
600236.SS,1532079019.02221,0.835121498579133,,,,19.64,6582743162.37313,7882377802.0,6557939838.42139,108310180.496582,3366003224.36496,50.0,3004782173.58058,2454567467.12434,6196718787.63701,3004782173.92565,,19.7642181678016,Utilities,Utilities,Electric Utilities & IPPs,Electric Utilities,Hydroelectric & Tidal Utilities,59,5910,591010,59101010,5910101021,313456386.716104,15.76643,724878157.883133,China,724878157.883133,559135321.006432,C+,FY0
600409.SS,3433251335.32448,0.958359914168068,,,,7.58,1978389759.79817,2064349448.0,4002578425.0406,39341810.9822881,1869919595.36479,30.4843667314655,1250780903.63481,1944815325.18703,3383439733.31062,1250780903.84504,,7.49809237829715,Basic Materials,Chemicals,Chemicals,Commodity Chemicals,Commodity Chemicals (NEC),51,5110,511010,51101010,5110101010,180209357.273141,19.79691,304872215.395453,China,304872215.395453,55938772.1264831,C-,FY0
600459.SS,5909449391.05724,2.28208548396451,0.104757747708424,0.133857122071875,0.161501527717154,,1736821299.45485,737400433.3,1895757377.54306,27632623.7120147,912640997.616424,29.0502826309239,644920779.277098,945819613.489532,1628037159.20373,644920779.446732,,7.5478160348804,Basic Materials,Mineral Resources,Metals & Mining,Non-Gold Precious Metals & Minerals,Non-Gold Precious Metals & Minerals (NEC),51,5120,512010,51201010,5120101010,15747599.1689677,14.41254,96364095.3034659,China,96364095.3034659,28294409.5104182,,FY0
600674.SS,188941473.351505,1.77318332076785,0.128416666666667,0.131281609195402,,10.8,7886608439.63057,4460581221.0,7932757766.57194,78511208.7783803,2829405023.51389,50.7566891357344,2553257893.79023,4902979134.66334,7656610636.84829,2553257893.05805,,10.8054524853639,Utilities,Utilities,Electric Utilities & IPPs,Electric Utilities,Hydroelectric & Tidal Utilities,59,5910,591010,59101010,5910101021,49437811.4513246,1.16181,33522481.4090303,China,33522481.4090303,96569750.3620982,C+,FY0
600795.SS,27489334657.5422,0.619091805370295,0.0602530735495,0.071245955855921,,6.219,11041885617.3722,17835619082.0,60184994536.4771,1136884077.12075,44194817326.3788,63.142507473509,34095390275.0246,6529793524.56794,50085567485.1229,34095390274.3142,,6.34990187797129,Utilities,Utilities,Electric Utilities & IPPs,Electric Utilities,Electric Utilities (NEC),59,5910,591010,59101010,5910101010,2731698838.09826,32.81628,3232022804.40216,China,3232022804.40216,5607773310.21248,C+,FY0
600886.SS,7261725052.19509,1.57020240097431,0.121989581826074,0.133683982057589,0.142582838952395,7.7,11704571014.5435,7454179797.0,37457785742.352,757479609.800603,23862387391.8344,52.7527335508143,20400365217.5926,7099163831.27936,33995763568.1102,20400365217.7695,27.749,8.18941751431914,Utilities,Utilities,Electric Utilities & IPPs,Independent Power Producers,Independent Power Producers (NEC),59,5910,591010,59101020,5910102010,1443143102.16856,16.51138,2050604406.39026,China,2050604406.39026,2264300785.19649,B-,FY0
600905.SS,3452441028.24335,0.819172997738213,0.04875488389237,0.055149281238481,,9.72,23444346183.9587,28619530000.0,38031948353.2274,606739019.428239,25299318647.151,30.4035216919829,19262272952.8359,11154787759.4024,31994902658.9123,19262272952.7924,,9.7205701268377,Utilities,Utilities,Electric Utilities & IPPs,Electric Utilities,Wind Electric Utilities,59,5910,591010,59101010,5910101023,1306430318.0922,7.56797,1831023899.19073,China,1831023899.19073,4129421077.40717,B-,FY0
600995.SS,1187796085.36798,2.09070347387346,0.083589108910891,0.088741991846243,,15.08,6681900439.03323,3196005805.0,5909979272.19596,100204581.952037,2524799739.86835,7.30501347244452,1741163858.86302,2887827884.80398,5126343391.19063,1741163857.79737,,9.93008065542962,Utilities,Utilities,Electric Utilities & IPPs,Electric Utilities,Hydroelectric & Tidal Utilities,59,5910,591010,59101010,5910101021,305764802.743516,13.698622506359,484223494.161914,China,484223494.161914,744700147.276258,,FY0
601088.SS,49952589456.5911,4.00452357478397,0.497823663987798,0.492108582155218,0.616375481196328,18.0,75171894044.8264,19868519955.0,90158760076.5528,481583234.208875,23563765006.0894,100.0,8316998202.16899,57110131647.6251,74911993272.6324,8316998202.169,10.695,18.0708288454301,Energy,Energy - Fossil Fuels,Coal,Coal,Coal (NEC),50,5010,501010,50101010,5010101010,3416203146.56333,22.8746,14775551406.2793,China,14775551406.2793,4271408005.58051,A-,FY0
6013.T,1074260109.94804,9.4195713522996,0.920890579109873,0.950793885081708,,9.9,781824422.240866,79953000.0,1353174184.80307,14802.4889392429,591317117.252805,35.7239372206631,2168838.01491076,757587167.708412,764025905.565178,2168838.01491076,,9.89260137063066,Industrials,Industrial & Commercial Services,Professional & Commercial Services,Environmental Services & Equipment,Environmental Services & Equipment (NEC),52,5220,522030,52203010,5220301010,8407813.71748997,29.40187,102233389.858881,Japan,102233389.858881,43733953.5709932,,FY0
601778.SS,463446991.532796,0.797425042046048,0.047792839763643,,,1.69,2308047566.18627,2865466358.0,5440955607.13188,135646516.232143,3622052703.1839,11.8489895104891,2859139586.40318,1802103760.01566,4678042490.35116,2859139587.07881,,1.68459105911914,Utilities,Utilities,Electric Utilities & IPPs,Independent Power Producers,Renewable IPPs,59,5910,591010,59101020,5910102012,150947823.487226,11.265491444432,164462518.934205,China,164462518.934205,377236338.700907,D+,FY0
601991.SS,16613009337.1223,0.404511975874268,0.037342908438061,0.043087971274686,,-1.427,6008090701.93497,18506710504.0,44240019718.1465,992028999.53118,33081667923.2152,,27867200458.1569,4120805544.27884,39025552253.0882,27867200458.1569,,-6.09185590730197,Utilities,Utilities,Electric Utilities & IPPs,Independent Power Producers,Independent Power Producers (NEC),59,5910,591010,59101020,5910102010,2023669783.65797,33.06358,551349664.241733,China,551349664.241733,3015329033.29102,C+,FY0
603212.SS,596660146.146262,4.59606796961086,0.207026633677776,0.265801193421627,0.365617072078794,6.589,2023933848.69222,436438036.0,721205932.543641,8141036.71052736,286309614.402946,32.1439596785381,207939948.83286,435124815.348257,642836266.973554,207939949.544743,,6.52818007334749,Energy,Renewable Energy,Renewable Energy,Renewable Energy Equipment & Services,Photovoltaic Solar Systems & Equipment,50,5020,502010,50201010,5020101013,12288214.0263096,12.6024,33231615.8930118,China,33231615.8930118,32759688.3564859,,FY0
6504.T,7601829957.07508,38.3647319045077,3.29971106465582,3.56146102732567,3.74674040615201,12.4,5727739033.86469,142833992.0,8897898938.17306,14750680.2279556,4589833571.80511,26.773488948295,1360275623.16439,3894058287.52165,5668340989.53235,1360275623.1644,7.1,12.3936355041253,Industrials,Industrial Goods,"Machinery, Tools, Heavy Vehicles, Trains & Ships",Electrical Components & Equipment,Electrical Components & Equipment (NEC),52,5210,521020,52102030,5210203010,339998368.44547,27.6398,654373628.537112,Japan,654373628.537112,452068012.204479,B+,FY0
6806.TW,140667560.584753,2.77659678843575,,,,,600161395.820387,216150000.0,595785001.798738,906519.294179225,249887922.294535,0.0,220368839.323675,338610524.250253,566265918.827877,220368839.323675,,2.77369709688702,Energy,Renewable Energy,Renewable Energy,Renewable Energy Equipment & Services,Renewable Energy Equipment & Services (NEC),50,5020,502010,50201010,5020101010,3834885.77355404,20.85758378736,8490506.73915509,Taiwan,8490506.73915509,61382225.5662861,,FY0
688599.SS,12331350816.2733,9.24433103288291,0.473696195093286,0.637589246364037,,16.94,20053960941.6111,2173242227.0,13045303004.3829,96221747.1828664,8869996741.14278,28.2283592718323,5594012404.59172,3819135584.79238,9769318667.83187,5594012406.48379,,16.9341379647241,Energy,Renewable Energy,Renewable Energy,Renewable Energy Equipment & Services,Renewable Energy Equipment & Services (NEC),50,5020,502010,50201010,5020101010,328738653.248233,18.6342,718973876.772721,China,718973876.772721,1207422990.49027,B,FY0
8031.T,107737043452.067,29.3875371825185,4.17418780913587,3.90274323537969,3.71906949177656,18.9,46798672712.4704,1524299495.0,115828872656.074,848049393.818166,66388794336.923,19.1820489461628,37958882445.9673,47953535657.8056,87398960765.1179,37958882445.9673,,18.8863985540746,Industrials,Industrial & Commercial Services,Diversified Industrial Goods Wholesale,Diversified Industrial Goods Wholesale,Diversified Industrial Goods Wholesale,52,5220,522020,52202010,5220201010,2018237953.17661,22.17249,5200610247.7355,Japan,5200610247.7355,1687964819.96422,B+,FY0
9505.T,5574388131.63642,4.17206925482419,0.435177476727465,0.435177476727465,,-31.7,877526737.990999,208748694.0,13595285789.5926,53466590.0485454,11695406280.5934,,9682393252.50395,1758317644.40093,11582272761.5031,9682393252.50395,,-31.6789340783324,Utilities,Utilities,Electric Utilities & IPPs,Electric Utilities,Electric Utilities (NEC),59,5910,591010,59101010,5910101010,437605980.510838,33.33484,-546145230.657837,Japan,-546145230.657837,610025371.67514,C-,FY0
9513.T,10677776941.0347,15.9865761574251,3.07915109951547,3.04992441297056,2.85352217666791,11.4,2926360350.85043,182861969.0,25323330070.0354,202557258.6446,16341155207.4704,14.4895284504218,14212154529.7086,8168378642.9701,23194329392.2735,14212154529.7086,,11.3648711531762,Utilities,Utilities,Electric Utilities & IPPs,Electric Utilities,Electric Utilities (NEC),59,5910,591010,59101010,5910101010,796684757.198993,29.12491,1360844616.89589,Japan,1360844616.89589,1072159076.3583,C+,FY0
9531.T,24773205813.6908,19.7162687819388,2.26559290716734,1.84589859391716,2.11956143970656,20.0,8574113549.80551,433419854.0,26970592665.1103,112040038.78113,15002063408.3892,10.0336043514787,9512982905.33926,11735861134.1215,21481512162.0604,9512982905.33926,,19.9926908778668,Utilities,Utilities,Natural Gas Utilities,Natural Gas Utilities,Natural Gas Utilities (NEC),59,5910,591020,59102010,5910201010,1549080467.49177,28.82647,3119454315.32264,Japan,3119454315.32264,1368793553.45626,A-,FY0
A2.MI,24556934931.5069,1.33240582191781,0.128965840960976,0.14067934028889,0.148148148148148,10.47,4174301230.59182,3132905277.0,22867080479.4521,96920129.5716023,18086472602.7397,67.9452054794521,7372645547.94521,4172731164.38356,12153253424.6575,7372645547.9452,,9.53127040083562,Utilities,Utilities,Electric Utilities & IPPs,Electric Utilities,Electric Utilities (NEC),59,5910,591010,59101010,5910101010,762719280.54174,29.61088779136,704777898.73263,Italy,704777898.73263,1306314789.87812,B+,FY0
ACOx.TO,2481363938.29803,31.2790611853273,2.57261291746359,2.64828600853318,2.74417515426362,9.97,3545162402.40608,113912578.0,17816074987.0839,326038204.657445,11657686914.1634,57.027027027027,7529706989.44571,3229758653.77519,13688095062.3662,7529706989.44571,2.9305,8.71921762695888,Utilities,Utilities,Multiline Utilities,Multiline Utilities,Multiline Utilities,59,5910,591040,59104010,5910401010,541346453.016134,23.966925946366,932746090.211038,Canada,932746090.211038,1217260561.25645,C+,FY0
ADAI.NS,1617906523.85589,31.3025133890252,,,,21.25,34917724644.9671,1115492683.0,6564234420.64265,190975698.24071,4997076436.22201,0.0,4171133154.81986,1430035296.9815,5738291139.24051,4171133154.81986,,11.5993959927043,Utilities,Utilities,Electric Utilities & IPPs,Electric Utilities,Electric Utilities (NEC),59,5910,591010,59101010,5910101010,201188668.967099,25.994019311258,508299366.115773,India,508299366.115773,586010165.702683,B-,FY0
AEP.OQ,19231300000.0,94.95,5.27626,5.62823,5.96738,11.23,48791356226.1,513866081.0,93403300000.0,1262400000.0,69235000000.0,70.5920596393897,40913200000.0,23939300000.0,65081500000.0,40913200000.0,6.13667,9.94144235368129,Utilities,Utilities,Electric Utilities & IPPs,Electric Utilities,Electric Utilities (NEC),59,5910,591010,59101010,5910101010,3202800000.0,4.12376,3929500000.0,United States of America,3929500000.0,6772400000.0,B+,FY0
AES.N,12617000000.0,28.76,1.72807,1.91326,2.02792,59.869,19210235615.28,668743464.0,38363000000.0,1117000000.0,33859000000.0,,23498000000.0,1599000000.0,29323000000.0,23498000000.0,8.0685,-30.5711086226204,Utilities,Utilities,Electric Utilities & IPPs,Electric Utilities,Electric Utilities (NEC),59,5910,591010,59101010,5910101010,1053000000.0,35.16484,2361000000.0,United States of America,2361000000.0,4551000000.0,B+,FY0
AEV.PS,5510197251.66158,1.03405017921147,0.084430980751604,0.099591384051329,,9.91,5821935642.81182,5630225457.0,14513781605.8919,328502836.06793,8187166966.04994,33.4308089796603,6770485306.26909,4602041063.40938,13097099946.111,6770485306.26909,9.743,9.91362287096787,Utilities,Utilities,Electric Utilities & IPPs,Electric Utilities,Electric Utilities (NEC),59,5910,591010,59101010,5910101010,249317497.463192,11.76931693034,637850418.701411,Philippines,637850418.701411,345477389.592932,C,FY0
ALS.TO,75316997.5643959,16.3923536792383,0.448942109903027,0.380325421704732,0.529946043165468,7.37,780543181.319654,47624958.0,576119270.794893,5397316.41153444,126780574.212119,36.9548400864253,89211749.9446454,358840504.834305,538550446.527419,89211749.9446454,,8.69191229489763,Basic Materials,Mineral Resources,Metals & Mining,Diversified Mining,Diversified Mining,51,5120,512010,51201080,5120108010,18679528.461176,23.74702,44416553.720338,Canada,44416553.720338,1950077.56370585,C,FY0
AP.PS,3484706089.45572,0.610215053763441,0.065330336416228,0.068434540697889,,17.26,4490331122.81989,7358604307.0,8575350062.87049,239951533.190147,5375115520.02874,49.9725205612771,4464558631.21969,3037272570.50476,7664793174.06143,4464558631.21969,8.4,17.370348480816,Utilities,Utilities,Electric Utilities & IPPs,Independent Power Producers,Fossil Fuel IPPs,59,5910,591010,59101020,5910102011,218251565.697977,11.449468285289,548274331.463713,Philippines,548274331.463713,250986844.602363,C+,FY0
ARG.CN,4402662677.94512,1.95791211058387,,,,,1565092383.01423,869456283.0,11747693005.9831,359268165.218025,5139501547.34888,37.3049746773403,3114617082.73159,4343156798.01939,9722808541.36579,3114617082.73159,,4.46205673091966,Basic Materials,Mineral Resources,Construction Materials,Construction Materials,Cement & Concrete Manufacturing,51,5120,512020,51202010,5120201012,383092649.161624,33.2096794976,667783963.358156,Colombia,667783963.358156,679887101.706291,B-,FY0
AVA.N,1742876000.0,44.34,2.31397,2.44305,2.54179,6.91,3271217198.4,74945948.0,7417350000.0,114974000.0,5082682000.0,83.3028303345878,2854790000.0,2334668000.0,5189458000.0,2854790000.0,5.2,6.91297657688802,Utilities,Utilities,Multiline Utilities,Multiline Utilities,Multiline Utilities,59,5910,591040,59104010,5910401010,253142000.0,12.69181108237,190242000.0,United States of America,190242000.0,451995000.0,C,FY0
AVNT.NS,619155976.144109,4.65865541545269,0.319015982564475,0.405798159583485,,14.63,634721442.031263,136245630.0,332844279.454723,41599.6293894904,43549269.7176242,30.5568583601599,371652.872444012,255049172.346641,289666662.609542,371652.872444012,,13.9654362940036,Consumer Non-Cyclicals,Food & Beverages,Food & Tobacco,Fishing & Farming,Animal Feed,54,5410,541020,54102010,5410201024,5308314.60164964,24.2877,43685555.4435122,India,43685555.4435122,19897857.960942,C-,FY0
AWR.N,380588000.0,92.55,2.73211,2.9699,3.22,11.24,3420731017.35,36962241.0,2034374000.0,27027000.0,1324825000.0,72.0674177419149,724446000.0,709549000.0,1433995000.0,724446000.0,,11.2073413324008,Utilities,Utilities,Water & Related Utilities,Water & Related Utilities,Water & Related Utilities (NEC),59,5910,591030,59103010,5910301010,41697000.0,23.18636,126561000.0,United States of America,126561000.0,166240000.0,B-,FY0
AY.OQ,1102029000.0,25.9,0.31889,0.54823,0.74779,-0.34,2918262841.89999,116055126.0,9100911000.0,292043000.0,7311864000.0,,5570252000.0,1599871000.0,7359299000.0,5570252000.0,,-0.346437448086893,Utilities,Utilities,Electric Utilities & IPPs,Electric Utilities,Alternative Electric Utilities,59,5910,591010,59101010,5910101020,473638000.0,21.11201,277693000.0,United Kingdom,277693000.0,36784000.0,B+,FY0
BEPC.N,3778000000.0,27.54,0.2614,-0.24,1.33,-5.44,4742897159.51999,361818263.0,43288000000.0,1032000000.0,26464000000.0,0.0,14079000000.0,5873000000.0,30903000000.0,14079000000.0,,31.5094339622642,Utilities,Utilities,Electric Utilities & IPPs,Electric Utilities,Alternative Electric Utilities,59,5910,591010,59101010,5910101020,1189000000.0,15.697913341561,1268000000.0,United States of America,1268000000.0,847000000.0,B,FY0
BEP_u.TO,4565000000.0,25.3007602037051,0.49319,0.88005,0.65654,-6.33,6964967995.92589,275358750.0,64111000000.0,1222000000.0,37825000000.0,,25409000000.0,4096000000.0,51695000000.0,25409000000.0,,-4.05471421592574,Utilities,Utilities,Electric Utilities & IPPs,Electric Utilities,Hydroelectric & Tidal Utilities,59,5910,591010,59101010,5910101021,1583000000.0,16.63329,1261600000.0,Bermuda,1261600000.0,2190000000.0,B,FY0
BKH.N,2569252000.0,70.34,4.10906,4.3584,4.59529,8.939,4577604738.06,66103670.0,9618230000.0,162584000.0,6528335000.0,60.6543672862799,4667940000.0,2994913000.0,7757835000.0,4667940000.0,,8.93762321629842,Utilities,Utilities,Multiline Utilities,Multiline Utilities,Multiline Utilities,59,5910,591040,59104010,5910401010,250909000.0,10.450391428618,455244000.0,United States of America,455244000.0,604365000.0,C,FY0
BN.N,92769000000.0,31.46,3.07501,3.57513,,4.78,51532134808.44,1573371868.0,441284000000.0,10702000000.0,299393000000.0,46.1175236096537,225654000000.0,39608000000.0,367545000000.0,225654000000.0,18.503,4.65912146471437,Financials,Banking & Investment Services,Investment Banking & Investment Services,Investment Management & Fund Operators,Investment Management & Fund Operators (NEC),55,5510,551020,55102020,5510202010,7699000000.0,23.74702,15730000000.0,Canada,15730000000.0,16900000000.0,B+,FY0
BP.L,241392000000.0,5.74487388858646,1.04355,0.96588,1.06218,6.72,104310892039.782,17972856000.0,288120000000.0,1851000000.0,205130000000.0,,55493000000.0,67532000000.0,138483000000.0,55493000000.0,16.58775,-0.914582983722101,Energy,Energy - Fossil Fuels,Oil & Gas,Oil & Gas Refining and Marketing,Oil & Gas Refining and Marketing (NEC),50,5010,501020,50102030,5010203010,14318000000.0,21.11201,44656000000.0,United Kingdom,44656000000.0,12069000000.0,C+,FY0
CBAV3.SA,1669433787.36285,2.03934985811578,0.187720647617583,0.216877912216448,0.154076045040876,18.08,1301905977.3269,596501414.58433,2322115966.7045,32815295.8097122,1315026106.69694,26.8390251063957,568425085.130534,963971244.797579,1575514945.1381,568425085.130533,17.5,17.7419521232602,Basic Materials,Mineral Resources,Metals & Mining,Aluminum,Aluminum (NEC),51,5120,512010,51201030,5120103010,104705375.120315,19.131595,203800830.195946,Brazil,203800830.195946,184841683.680854,B-,FY0
CMIG4.SA,7332091184.26031,1.99095744665153,0.328162701864529,0.325104950644832,,19.85,5336713216.14831,2200524422.0,10153393303.0647,180135957.142299,6032457623.91222,51.1668340129408,2068507567.15853,4119817631.47938,6189443246.31101,2068507567.15853,,19.8493288279967,Utilities,Utilities,Electric Utilities & IPPs,Electric Utilities,Electric Utilities (NEC),59,5910,591010,59101010,5910101010,229536867.254189,21.704433188233,952070154.426378,Brazil,952070154.426378,56771668.8947403,B+,FY0
CMS.N,8151000000.0,63.33,3.10216,3.35004,3.60842,12.279,18381633954.66,291300000.0,31353000000.0,519000000.0,23758000000.0,70.4485488126649,14310000000.0,6791000000.0,21905000000.0,13219000000.0,8.171,11.4865888771026,Utilities,Utilities,Multiline Utilities,Multiline Utilities,Multiline Utilities,59,5910,591040,59104010,5910401010,1126000000.0,18.54141,1224000000.0,United States of America,1224000000.0,2374000000.0,B-,FY0
CPFE3.SA,7444993757.09421,5.75185620639425,0.718322270098211,0.778803653674962,,32.479,7237012373.81763,1152254440.0,13459341846.3867,305819242.643506,10141153424.1392,73.2595155763625,4801820658.34279,3075406545.59213,8120009080.59024,4801820658.34279,4.412,32.4785422803526,Utilities,Utilities,Electric Utilities & IPPs,Electric Utilities,Electric Utilities (NEC),59,5910,591010,59101010,5910101010,394252045.772309,26.63017,1933562986.78725,Brazil,1933562986.78725,76795896.7495271,B+,FY0
CRBR.NS,566489897.760467,10.5806545208361,0.326573121183369,0.409004330584142,,15.97,2009304521.41155,189943974.0,477657010.710808,2876705.34810547,118788461.538462,16.054166082911,33745861.7332035,343301606.621227,392614410.90555,33745861.7332035,,15.9706408031266,Basic Materials,Chemicals,Chemicals,Commodity Chemicals,Commodity Chemicals (NEC),51,5110,511010,51101010,5110101010,23346639.2190221,25.73664,58499821.5461094,India,58499821.5461094,37604170.6770067,,FY0
CSNA3.SA,8392379871.35831,2.40189390900492,0.434284779428747,0.344144886962858,0.288411621065585,7.81,3650145086.80476,1326093947.0,16147249148.6947,490679169.335645,12020112561.4832,100.647014915769,7872226258.04011,3686997162.31555,11999362845.2516,7872226258.04011,,7.80847073312002,Basic Materials,Mineral Resources,Metals & Mining,Iron & Steel,Iron & Steel (NEC),51,5120,512010,51201020,5120102010,557883705.86486,19.131595,1772758605.29467,Brazil,1772758605.29467,650578775.098324,B-,FY0
CU.TO,92995793.0474574,27.0499667872168,1.65574518169781,1.74888185964396,1.8099199059446,9.349,7279146172.66814,269904992.0,16218171082.7367,299893631.642461,11003026053.5833,99.6409335727109,7078751199.3505,3917632297.58654,12293896228.5039,7078751199.3505,2.0385,10.7404550713459,Utilities,Utilities,Multiline Utilities,Multiline Utilities,Multiline Utilities,59,5910,591040,59104010,5910401010,495208971.224987,25.417993668022,871229447.822841,Canada,871229447.822841,1052703542.86802,C+,FY0
DEHr.AT,11470075984.589,7.01519691780822,0.520872088697076,0.871663495370616,1.23318929734562,-0.19,2679805222.60274,382000000.0,20898132491.4384,141316923.273081,15889709974.3151,,5032216395.54795,4359910102.73973,10040638912.6712,5032216395.54795,,-0.415249124345075,Utilities,Utilities,Electric Utilities & IPPs,Electric Utilities,Electric Utilities (NEC),59,5910,591010,59101010,5910101010,674636791.915531,23.279955,707493769.319973,Greece,707493769.319973,722909337.320204,C,FY0
DUK.N,28768000000.0,102.99,5.63425,5.98868,6.32667,8.22,79308764888.28,770000000.0,178086000000.0,2439000000.0,126233000000.0,81.5768516060526,73703000000.0,47360000000.0,125556000000.0,73703000000.0,5.65,7.95615350497392,Utilities,Utilities,Electric Utilities & IPPs,Electric Utilities,Electric Utilities (NEC),59,5910,591010,59101010,5910101010,5843000000.0,14.251177762879,6424000000.0,United States of America,6424000000.0,11367000000.0,B+,FY0
EDP.LS,20399197345.8904,4.98287671232877,0.29177298630603,0.325114825210513,0.322127243344391,7.33,19760499563.2191,3947064845.0,62945645333.9041,786079138.727834,47789688570.2055,103.140765641619,23292005565.0685,9857199272.26027,38447962328.7671,23292005565.0685,10.82633,7.74887795152606,Utilities,Utilities,Electric Utilities & IPPs,Electric Utilities,Electric Utilities (NEC),59,5910,591010,59101010,5910101010,2106559016.23878,18.92436,1844133016.70829,Portugal,1844133016.70829,5313040352.95327,A-,FY0
ELE.MC,18807791095.8904,18.873073630137,1.56784746316822,1.70030477837655,1.86809107495017,46.45,19981906660.2044,1058497507.0,53581977739.726,253888600.290828,47419734589.0411,39.0406872711688,19785958904.1096,5947131849.31507,25948202054.7945,19785958904.1096,6.1,46.4661241656761,Utilities,Utilities,Electric Utilities & IPPs,Electric Utilities,Electric Utilities (NEC),59,5910,591010,59101010,5910101010,1741401893.28107,21.73913,6019582830.13191,Spain,6019582830.13191,2246018654.85496,B,FY0
ELET6.SA,6446128074.15815,7.85943644721907,0.497411787144764,0.909286667938203,1.20389090215526,3.24,18395468958.2803,2301227777.0,51119459326.5229,891941577.380634,30115177071.5097,54.711975268369,11324194097.6163,20905182746.8785,32328476352.6296,11324194097.6163,,2.83839550759273,Utilities,Utilities,Electric Utilities & IPPs,Electric Utilities,Hydroelectric & Tidal Utilities,59,5910,591010,59101010,5910101021,530407790.123969,19.131595,1038498555.2089,Brazil,1038498555.2089,6525643716.17012,A-,FY0
EMA.TO,5600413314.63577,38.19470071592,2.37026647966339,2.48750276814055,2.60910164612091,7.53,10299780308.8788,269950000.0,29332054026.1274,545191243.165397,20887888405.0483,75.026455026455,14055649863.4586,7384308805.07786,22499815484.5376,14055649863.4586,5.22733,10.1074923792716,Utilities,Utilities,Electric Utilities & IPPs,Electric Utilities,Electric Utilities (NEC),59,5910,591010,59101010,5910101010,732048044.419545,13.112152930006,1308766566.80889,Canada,1308766566.80889,1996215045.497,B-,FY0
ENAE.WA,6870647173.04398,1.37064534551685,1.36742451636232,0.097179533538239,,1.24,726073456.996002,529731093.0,8551678355.22559,53045568.813821,4863246373.50086,0.0,1255062935.46545,3397982866.93318,4943494917.19018,1255062935.46545,,0.313511708282421,Utilities,Utilities,Electric Utilities & IPPs,Electric Utilities,Electric Utilities (NEC),59,5910,591010,59101010,5910101010,357184076.518595,22.1354013297225,142718945.548538,Poland,142718945.548538,583146441.617277,C,FY0
ENEI.MI,95768407534.2466,5.38313356164384,0.631415589402278,0.672842271427962,0.702419045181108,18.489,54728596027.8039,10159526151.0,235036386986.301,2768544570.8062,190000000000.0,97.0100502512563,95695633561.6438,30668878424.6575,140732020547.945,95695633561.6438,4.8615,13.6511747556165,Utilities,Utilities,Electric Utilities & IPPs,Electric Utilities,Electric Utilities (NEC),59,5910,591010,59101010,5910101010,6593729249.87673,29.91302650645,8954577188.68065,Italy,8954577188.68065,13950177780.2952,B-,FY0
ENGIE.PA,100454837328.767,14.3279109589041,1.57354293658432,1.76353331194525,1.48988343492675,17.199,34892546797.1618,2420754584.0,252022688356.164,1126169766.43525,209979666095.89,,43440710616.4384,33026541095.8904,85483732876.7123,43440710616.4384,15.2,-6.37258726418774,Utilities,Utilities,Multiline Utilities,Multiline Utilities,Multiline Utilities,59,5910,591040,59104010,5910401010,4820722966.51796,29.484179720479,4539443894.82646,France,4539443894.82646,6720146810.18751,C+,FY0
ENJSA.IS,4518818244.57013,1.7932480568056,0.224640168880739,0.288134102394609,,93.769,2278931039.74251,1181069000.0,3167147199.04967,235959069.98952,2012828935.75125,10.1015047979069,1021762974.6954,1154318263.29843,2176081237.99382,1021762974.6954,,93.7681812931285,Utilities,Utilities,Electric Utilities & IPPs,Electric Utilities,Electric Utilities (NEC),59,5910,591010,59101010,5910101010,34832804.6859246,16.563065,122921465.005048,Turkey,122921465.005048,357343070.163371,A,FY0
ENLT.TA,192172000.0,20.4999715278173,0.393705715309752,0.574662953874997,0.733241348860312,3.703,2082446602.81305,101582902.0,3533367000.0,55774000.0,2483333000.0,0.0,2160952000.0,804094000.0,3210986000.0,2160952000.0,,3.70039349745364,Utilities,Utilities,Electric Utilities & IPPs,Independent Power Producers,Renewable IPPs,59,5910,591010,59101020,5910102012,42301000.0,22.87289413018,90612000.0,Israel,90612000.0,639074000.0,,FY0
EONGn.DE,123779965753.425,9.98929794520548,0.942345314763702,0.941330118545308,0.925932975899665,19.5,26384920461.4726,2610379492.0,143417166095.89,973415214.393049,120014982876.712,72.6925177498635,36548587328.7671,17040881849.3151,59950770547.9452,36548587328.7671,-2.96025,13.0897912496426,Utilities,Utilities,Multiline Utilities,Multiline Utilities,Multiline Utilities,59,5910,591040,59104010,5910401010,3503873379.94727,27.71121,-2075354948.4354,Germany,-2075354948.4354,4820722966.51796,C+,FY0
ETR.N,13420765000.0,112.5,6.72374,7.19549,7.72106,10.589,22891911750.0,211176500.0,58595191000.0,987818000.0,45310889000.0,76.2964957223119,26828869000.0,12966985000.0,40113171000.0,26828869000.0,,8.96727311833568,Utilities,Utilities,Electric Utilities & IPPs,Electric Utilities,Electric Utilities (NEC),59,5910,591010,59101010,5910101010,2190371000.0,22.05976,1887311000.0,United States of America,1887311000.0,5396127000.0,B-,FY0
EXC.OQ,19078000000.0,43.23,2.35976,2.50735,2.72113,7.57,42959467956.8999,994000000.0,95349000000.0,1447000000.0,70605000000.0,66.5367754505602,40050000000.0,24744000000.0,64794000000.0,40050000000.0,16.0,6.94319968885807,Utilities,Utilities,Electric Utilities & IPPs,Electric Utilities,Electric Utilities (NEC),59,5910,591010,59101010,5910101010,3325000000.0,7.011115918879,3361000000.0,United States of America,3361000000.0,7147000000.0,B-,FY0
FGEN.PS,2666706000.0,0.303584229390681,0.08091,0.08344,,10.919,1091863603.13082,3596575505.0,5375868000.0,73907000.0,2416251000.0,19.4136985235474,1618167000.0,2949002000.0,4577784000.0,1618167000.0,5.346,8.83178294227377,Utilities,Utilities,Electric Utilities & IPPs,Independent Power Producers,Independent Power Producers (NEC),59,5910,591010,59101020,5910102010,217594000.0,17.80633,533011000.0,Philippines,533011000.0,249157000.0,,FY0
FORTUM.HE,8319777397.26027,16.6309931506849,1.50779337748344,1.48528741721854,1.24931390728477,15.66,14922399171.7679,897264465.0,25301797945.2055,210695933.851309,17021618150.6849,8.19954471781482,8708261986.30137,8208476027.39726,16988441780.8219,8708261986.30137,-16.9355,100.580778748548,Utilities,Utilities,Electric Utilities & IPPs,Electric Utilities,Electric Utilities (NEC),59,5910,591010,59101010,5910101010,437194062.741467,20.90979,1697155747.1723,Finland,1697155747.1723,504616761.573886,B+,FY0
FTEK.OQ,26941000.0,1.27,,0.04,0.09,,38627778.675,30296297.0,50124000.0,17000.0,5283000.0,,689000.0,44765000.0,45530000.0,0.0,,-3.17310125537744,Industrials,Industrial & Commercial Services,Professional & Commercial Services,Environmental Services & Equipment,Purification & Treatment Equipment,52,5220,522030,52203010,5220301011,440000.0,22.05976,-1527000.0,United States of America,-1527000.0,206000.0,,FY0
FTS.TO,8150417004.94501,39.9881910104067,2.2072317146283,2.32707583932854,2.4365332733813,6.589,19206667322.1344,482200000.0,47421949959.4066,847391748.897415,30563141191.2318,79.3233082706767,21404531699.7564,14323566314.8572,38263340467.9312,21404531699.7564,5.8595,7.17522658610272,Utilities,Utilities,Electric Utilities & IPPs,Electric Utilities,Electric Utilities (NEC),59,5910,591010,59101010,5910101010,1282621993.79391,14.277,2106945001.79575,Canada,2106945001.79575,2972022785.37977,A-,FY0
GEG.HM,88658739.3223211,0.639319610334604,0.047843797824696,0.034202883343997,0.034565031349968,8.248,218169861.584074,341251751.113,725038307.802838,25311209.949839,486591239.952097,0.0,420461020.731766,181181267.227488,658908088.582507,420461020.731893,,7.40536117923578,Utilities,Utilities,Electric Utilities & IPPs,Independent Power Producers,Renewable IPPs,59,5910,591010,59101020,5910102012,27801183.3654788,8.89621,36381857.6143872,Vietnam,36381857.6143872,196682070.372712,,FY0
GPSC.BK,3573680921.12106,2.10921698930945,0.06959671641791,0.098954626865672,,3.35,5947421086.13117,2819729367.0,8344700762.84311,93984412.8701841,5019066013.40653,158.169302456011,3792974375.00722,3026002765.67466,7118609124.4438,3792974375.03612,,0.836789751375479,Utilities,Utilities,Electric Utilities & IPPs,Independent Power Producers,Fossil Fuel IPPs,59,5910,591010,59101020,5910102011,244101981.920369,17.76103879044,102714566.130573,Thailand,102714566.130573,157793400.331877,B,FY0
HARL.L,33835166.0315732,0.192040162100042,,,,,33232014.4514002,173047211.0,80637015.6656384,12608194.5571353,139149347.365874,,102066601.342769,-58512331.7002359,43554269.6425331,102066606.181576,,,Industrials,Industrial Goods,"Machinery, Tools, Heavy Vehicles, Trains & Ships",Shipbuilding,Shipbuilding (NEC),52,5210,521020,52102050,5210205010,4279610.2715549,21.11201,-62864176.5115472,United Kingdom,-62864176.5115472,2983650.44787175,,FY0
HDG.HM,151681096.04659,1.06395595086828,0.153247436553636,0.158288224353628,0.185487906588824,18.486,325312375.993223,305757372.5,639768082.73723,21413465.7894694,362427483.498983,0.0,259171339.456544,224618248.118679,536511938.69479,259171339.456586,,22.7379282705397,Real Estate,Real Estate,Real Estate Operations,"Real Estate Rental, Development & Operations","Real Estate Rental, Development & Operations (NEC)",60,6010,601010,60101010,6010101010,21375366.705037,18.21987,87615403.8550138,Vietnam,87615403.8550138,18329052.0781619,,FY0
HE.N,3741985000.0,41.85,2.35857,2.50139,2.61751,16.199,4581337872.15,109470795.0,16284244000.0,89412000.0,14047452000.0,63.5441116704957,3301377000.0,2202499000.0,5538169000.0,3301377000.0,,10.4993639763982,Utilities,Utilities,Electric Utilities & IPPs,Electric Utilities,Electric Utilities (NEC),59,5910,591010,59101010,5910101010,256069000.0,20.10783,381073000.0,United States of America,381073000.0,344037000.0,C,FY0
HEGL.NS,300296652.872444,12.456326994451,2.28072509160388,3.17439202834581,3.75485228495761,12.99,480758243.252293,38595506.0,692789581.304771,3178956.93935272,171740603.700097,28.9969174040079,90380939.6299903,521048977.604674,611429917.234664,90380939.6299902,,12.9941784241198,Industrials,Industrial Goods,"Machinery, Tools, Heavy Vehicles, Trains & Ships",Electrical Components & Equipment,Electrical Components & Equipment (NEC),52,5210,521020,52102030,5210203010,12704810.9592143,25.255955,64360297.0763782,India,64360297.0763782,59787116.9679662,C+,FY0
HOLMb.ST,2301350909.8945,39.7682507350257,2.20749378466246,1.83204819277108,1.91892809332568,10.789,6506739198.52418,162001678.0,7824516228.21346,6253759.73899538,2352658582.98584,44.1266598569969,302561540.383174,5471857645.22762,5774419185.61079,302561540.383174,,11.3024571395586,Basic Materials,Applied Resources,Paper & Forest Products,Paper Products,Paper Products (NEC),51,5130,513010,51301020,5130102010,133512807.126171,18.8568056070425,659622753.422608,Sweden,659622753.422608,138079044.395914,B,FY0
IBE.MC,57736515410.9589,11.2028101583904,0.725381899905651,0.787355164262014,0.833892725057186,10.47,74419614105.3082,6455302700.89047,165525470890.411,1838322022.85267,101997003424.658,0.68651631898359,52739726027.3973,45340325342.4658,116268193493.151,52739726027.3973,9.839,10.4867666991653,Utilities,Utilities,Electric Utilities & IPPs,Electric Utilities,Electric Utilities (NEC),59,5910,591010,59101010,5910101010,4927124413.11287,21.43281,8414142118.35204,Spain,8414142118.35204,7149966515.24418,B,FY0
IDA.N,1649140000.0,107.85,5.06907,5.37569,5.80153,9.43,5453100052.2,50562000.0,7543258000.0,103289000.0,4728643000.0,59.6914071248195,2194145000.0,2807239000.0,5008760000.0,2194145000.0,3.0,9.45936345747328,Utilities,Utilities,Electric Utilities & IPPs,Electric Utilities,Electric Utilities (NEC),59,5910,591010,59101010,5910101010,173555000.0,10.76245,264605000.0,United States of America,264605000.0,432589000.0,B-,FY0
IDC.HN,317043191.517154,1.22394158684634,0.326557374077707,0.317979485864297,0.227426500201369,40.053,443074872.905548,315369827.0,720601924.339898,7638919.163073,461054139.708894,45.4176064172454,146877061.040661,209490179.967853,406424845.671665,146877061.041084,,39.9629416730473,Consumer Non-Cyclicals,Consumer Goods Conglomerates,Consumer Goods Conglomerates,Consumer Goods Conglomerates,Consumer Goods Conglomerates,54,5440,544010,54401010,5440101010,44122760.4070595,19.00706,116913320.184262,Vietnam,116913320.184262,64012402.1076488,,FY0
LIGT3.SA,2982034998.10821,0.875898600075672,0.048004153207199,0.215275706491986,,,326320686.742338,372555324.0,4560367574.72569,186229316.986033,4022199394.62732,,2067454218.69088,538168180.098373,2605622398.78925,2067454218.69088,,-97.9836339329779,Utilities,Utilities,Electric Utilities & IPPs,Electric Utilities,Electric Utilities (NEC),59,5910,591010,59101010,5910101010,145207577.216953,33.9517,-347329274.076339,Brazil,-347329274.076339,285346314.340947,B,FY0
MGEE.OQ,714519000.0,70.4,3.5,3.81,,10.52,2545901248.0,36163000.0,2517600000.0,25547000.0,1435926000.0,51.8242122719735,728207000.0,1081674000.0,1809881000.0,728207000.0,4.2,10.5210554813284,Utilities,Utilities,Electric Utilities & IPPs,Electric Utilities,Electric Utilities (NEC),59,5910,591010,59101010,5910101010,85549000.0,18.9870434689,137743000.0,United States of America,137743000.0,175030000.0,C+,FY0
MPLF.PSX,217046360.13986,0.099690812720848,0.021458869063238,0.029643597480976,,12.789,107002758.198939,1073346232.0,313235230.769231,9450620.422073,145685786.713287,0.0,62497912.5874126,167549444.055944,230047356.643357,62497912.5874126,,12.7946741806939,Basic Materials,Mineral Resources,Construction Materials,Construction Materials,Cement & Concrete Manufacturing,51,5120,512020,51202010,5120201012,15482279.0128871,35.8288394620595,57129910.6219989,Pakistan,57129910.6219989,37157711.8902083,,FY0
NCLI.NS,195917648.49075,2.14043062490177,0.276870995042921,0.305888042558336,,5.86,96817648.9657507,45232790.0,185014715.189873,3252373.18163357,91311781.8889971,30.6404559330913,35580258.0331061,93702933.3008763,129283191.333982,35580258.0331061,,5.86313668254032,Basic Materials,Mineral Resources,Construction Materials,Construction Materials,Cement & Concrete Manufacturing,51,5120,512020,51202010,5120201012,6127508.26212279,31.785846416345,12293301.144223,India,12293301.144223,12850185.3381323,,FY0
NEOE3.SA,8094400302.68634,2.72685223552781,0.413758125443424,0.522325554639412,,18.64,3547704782.74687,1213796848.0,17464623533.863,707207799.170784,12368709799.4703,22.0220432386604,8268823306.84828,5058456299.65948,13364737041.241,8268823306.84828,-9.866,18.639012345679,Utilities,Utilities,Electric Utilities & IPPs,Electric Utilities,Electric Utilities (NEC),59,5910,591010,59101010,5910101010,422306303.785847,24.13081,1945791820.66034,Brazil,1945791820.66034,321387517.95467,,FY0
NLCI.NS,1967531645.56962,1.04089848519651,,,,,1442632881.83498,1386636609.0,6459067672.8335,184982510.171984,4313782862.70691,29.806259314456,2718249756.57254,1846256085.68647,4863534566.69912,2718249756.57254,,9.50799815518894,Utilities,Utilities,Electric Utilities & IPPs,Independent Power Producers,Independent Power Producers (NEC),59,5910,591010,59101020,5910102010,228776775.491819,35.643157877117,255771669.805952,India,255771669.805952,324443460.646248,C+,FY0
NRG.N,31543000000.0,31.82,5.52904,5.87198,6.44781,32.88,7330825403.1,229561030.0,29146000000.0,417000000.0,25318000000.0,27.3546273546274,8039000000.0,3828000000.0,11867000000.0,8039000000.0,,32.875605815832,Utilities,Utilities,Electric Utilities & IPPs,Electric Utilities,Electric Utilities (NEC),59,5910,591010,59101010,5910101010,846000000.0,22.05976,2224000000.0,United States of America,2224000000.0,367000000.0,B+,FY0
NTPC.NS,20167357594.9367,2.01228284391359,0.243330010697267,0.280113658465428,,11.869,19512434904.6061,9696666134.0,54286934031.1587,1292584481.9865,35595895813.0477,41.5672385299674,26974923320.3505,18212648490.7498,45665961538.4615,26974923320.3505,,11.7883980271386,Utilities,Utilities,Electric Utilities & IPPs,Independent Power Producers,Independent Power Producers (NEC),59,5910,591010,59101020,5910102010,2033948949.67945,25.255955,4219048619.86531,India,4219048619.86531,3092993511.07147,B-,FY0
ODAS.IS,408847067.416512,0.601980918542618,,,,48.97,842511808.538522,1400000000.0,612625434.683733,182058.17262825,267329921.769235,0.0,127251772.499371,317768213.160106,472547285.413869,127251772.499371,,48.9751207281894,Utilities,Utilities,Electric Utilities & IPPs,Electric Utilities,Electric Utilities (NEC),59,5910,591010,59101010,5910101010,14536423.172153,16.563065,185593883.306415,Turkey,185593883.306415,68748538.0045404,,FY0
ORK.OL,5960394018.27183,7.24136171081509,0.543146932530477,0.569907704456838,0.572994422782686,13.59,7251723882.18241,997143990.0,8234675649.46665,42323524.1613628,3829428877.66039,109.105399481969,1949880059.20482,4255193181.2382,6355126831.01108,1949880059.20482,,12.5276124152907,Consumer Non-Cyclicals,Food & Beverages,Food & Tobacco,Food Processing,Frozen Food Manufacturing,54,5410,541020,54102020,5410202030,235862207.486903,23.03809,787740062.045316,Norway,787740062.045316,295010638.784018,A,FY0
PAFO.NS,3836983446.93281,14.4275058331419,0.506624141315015,0.614573110893032,,,5222682853.22485,361918552.0,1611926192.79455,27111542.7656264,413463838.851022,20.4184575827994,177019851.50925,1198462353.94352,1375482205.45278,177019851.50925,,11.0684718752013,Consumer Non-Cyclicals,Food & Beverages,Food & Tobacco,Food Processing,Food Processing (NEC),54,5410,541020,54102020,5410202010,19529044.4701833,25.255955,143190610.236592,India,143190610.236592,12282695.6065925,C+,FY0
PC1.HM,353985703.952563,0.855569673867006,0.084625598635103,0.109251227127319,0.12564283932176,6.134,231374275.324015,310996241.82067,921406756.390428,25875964.0404162,617605566.921093,0.0,506626610.037992,216692413.052605,810427799.507327,506626610.037696,,8.367864752429,Industrials,Industrial & Commercial Services,Construction & Engineering,Construction & Engineering,Power & Communications Network Construction,52,5220,522010,52201020,5220102014,26063632.1997961,14.74477,56351868.4391772,Vietnam,56351868.4391772,73936809.0948911,,FY0
PEG.N,9800000000.0,61.27,3.43907,3.72833,4.12619,12.349,30570650814.88,497000000.0,48718000000.0,628000000.0,34989000000.0,104.655674102813,20270000000.0,13729000000.0,33999000000.0,20270000000.0,1.902,7.32062342457486,Utilities,Utilities,Multiline Utilities,Multiline Utilities,Multiline Utilities,59,5910,591040,59104010,5910401010,1100000000.0,16.987988913682,1504000000.0,United States of America,1504000000.0,2888000000.0,B,FY0
PGRD.NS,5214285540.40896,1.93763071678131,0.199368696711328,0.208222043736994,,19.359,18021135643.6621,9300603818.66667,30464404819.8637,1047595316.47886,20360399221.0321,55.4249416129602,15416407010.7108,10104005598.8315,25520412609.5424,15416407010.7108,2.756,19.3607449979794,Utilities,Utilities,Electric Utilities & IPPs,Electric Utilities,Electric Utilities (NEC),59,5910,591010,59101010,5910101010,1722032735.12736,20.0972231403005,3322617732.57841,India,3322617732.57841,860228741.26727,B,FY0
PIF.TO,62600000.0,10.3845302236327,0.59095,0.62168,0.83,,218342795.962801,21025775.0,535102000.0,15411000.0,264890000.0,484.673869547819,187328000.0,269677000.0,457540000.0,187328000.0,,0.938704370102698,Utilities,Utilities,Electric Utilities & IPPs,Independent Power Producers,Renewable IPPs,59,5910,591010,59101020,5910102012,31325000.0,23.74702,17609000.0,Canada,17609000.0,32482000.0,B-,FY0
PTCI.NS,1798016066.21227,0.981660360022728,0.176520372385443,0.186192721557248,,,290579634.962583,296008321.0,2024050632.91139,73285386.6461649,1309163826.67965,51.8155296229803,796738072.054528,610849561.830575,1511624878.28627,796738072.054528,,9.14782169548798,Utilities,Utilities,Electric Utilities & IPPs,Independent Power Producers,Independent Power Producers (NEC),59,5910,591010,59101020,5910102010,12653116.7522917,31.09335,165873848.775068,India,165873848.775068,186936.62098333,D+,FY0
RATCH.BK,2159064436.00116,1.23519214099971,0.113323124042879,0.113629402756508,,6.87,2686542888.14648,2175000000.0,6633293302.25368,2960210.78889195,3530049472.58018,60.1860338060199,2859726586.24675,2832378175.35394,5962970415.92025,2859726586.24675,,6.86849285639553,Utilities,Utilities,Electric Utilities & IPPs,Independent Power Producers,Independent Power Producers (NEC),59,5910,591010,59101020,5910102010,86879076.8165128,12.73265,89962494.259719,Thailand,89962494.259719,68264126.4651133,B,FY0
RITS.NS,319896543.330088,4.10133346228707,0.315842881521209,0.355944401394808,,22.42,985558170.203827,240301887.0,726914556.962025,87237.0897922208,395960321.324245,90.8807468083536,659688.41285297,316915774.099318,331613924.050633,659688.41285297,,21.2881105643289,Industrials,Industrial & Commercial Services,Professional & Commercial Services,Business Support Services,Business Support Services (NEC),52,5220,522030,52203040,5220304010,8311202.16891886,26.73378,87371684.1593288,India,87371684.1593288,16906548.0017324,C-,FY0
ROH2O.BX,2047606204.37166,,,,,,,449802567.0,5509463183.2066,2274705.93020196,833037195.901302,0.085818682795699,108293364.528498,4676425987.3053,4784719351.8338,108293364.528498,,,Utilities,Utilities,Electric Utilities & IPPs,Electric Utilities,Electric Utilities (NEC),59,5910,591010,59101010,5910101010,165123078.312066,17.66568,1129374707.24219,Romania,1129374707.24219,36406628.8509197,,FY0
RWEG.DE,41059503424.6575,44.509845890411,3.62776174684526,2.83536112666351,2.37337955984323,15.089,30098450124.4863,676220048.0,148274828767.123,859639410.113342,116940282534.247,22.3996335369893,18418236301.3699,29511986301.3699,49752782534.2466,18418236301.3699,0.13033,12.6873686668223,Utilities,Utilities,Multiline Utilities,Multiline Utilities,Multiline Utilities,59,5910,591040,59104010,5910401010,1717171860.88817,27.71121,-317097380.446221,Germany,-317097380.446221,4723802836.94635,C,FY0
SHEL.L,381314000000.0,28.1376640658078,4.86892,4.53277,4.26358,22.649,196960140735.039,7003503393.0,443024000000.0,2745000000.0,250427000000.0,17.5021862960599,83795000000.0,190472000000.0,276392000000.0,83795000000.0,25.258,23.3468896749237,Energy,Energy - Fossil Fuels,Oil & Gas,Integrated Oil & Gas,Integrated Oil & Gas,50,5010,501020,50102010,5010201010,18635000000.0,33.369815,59349000000.0,United Kingdom,59349000000.0,22600000000.0,C+,FY0
SO.N,28547000000.0,71.41,3.62175,4.03855,4.30758,13.23,77742126647.48,1099000000.0,134891000000.0,2022000000.0,100359000000.0,82.4914869466515,57550000000.0,30408000000.0,92082000000.0,57550000000.0,6.4805,12.0929274904773,Utilities,Utilities,Electric Utilities & IPPs,Electric Utilities,Electric Utilities (NEC),59,5910,591010,59101010,5910101010,4064000000.0,17.487425769088,5747000000.0,United States of America,5747000000.0,7923000000.0,B-,FY0
SPI.OQ,177518000.0,0.86,0.07319,1.11802,0.61,,24803462.96,30292960.0,231095000.0,7194000.0,213223000.0,,131502000.0,12192000.0,149374000.0,131502000.0,,,Energy,Renewable Energy,Renewable Energy,Renewable Energy Equipment & Services,Photovoltaic Solar Systems & Equipment,50,5020,502010,50201010,5020101013,4162000.0,20.89482,-26677000.0,United States of America,-26677000.0,8267000.0,,FY0
SRG.MI,3761772260.27397,4.84482020547945,0.353740919454902,0.385874118458031,0.388451137387985,15.849,16282751820.7866,3352756372.0,34667166095.8904,147487153.695917,26614940068.4932,137.406855439642,14640410958.9041,7992294520.54795,22692636986.3014,14640410958.9041,-1.185,9.14729738940768,Energy,Energy - Fossil Fuels,Oil & Gas Related Equipment and Services,Oil & Gas Transportation Services,Natural Gas Pipeline Transportation,50,5010,501030,50103030,5010303012,913366873.245426,26.65271284735,1468550658.94363,Italy,1468550658.94363,1392700122.75715,A-,FY0
SSE.L,15404832085.6406,20.710094961592,1.80522292284866,2.02312945103858,1.83875098911968,20.75,22381861687.9211,1093900000.0,33511340231.6145,451590478.273849,19838313826.5728,,11173612224.5107,10550916961.6319,24846638629.5524,11173612224.5107,14.285,-1.89935806505902,Utilities,Utilities,Electric Utilities & IPPs,Electric Utilities,Electric Utilities (NEC),59,5910,591010,59101010,5910101010,796009591.041705,16.7154811873175,2580913120.49248,United Kingdom,2580913120.49248,2189357895.33673,B-,FY0
SVT.L,2670226804.63229,32.0691949434464,1.05690740625583,1.51771892295255,2.18566276482783,13.07,8067020387.09248,251561925.0,14982918737.5899,437847468.523924,13785873734.3216,200.915279878971,9007560154.40968,1197045003.26826,10204605157.6779,9007560154.40968,4.92,11.8326247482658,Utilities,Utilities,Water & Related Utilities,Water & Related Utilities,Water & Related Utilities (NEC),59,5910,591030,59103010,5910301010,503066488.477515,21.11201,609755643.11509,United Kingdom,609755643.11509,891728448.422761,B+,FY0
SXC.N,1972500000.0,8.63,0.71471,0.60099,,,719761961.19,83411298.0,1654600000.0,32000000.0,1031900000.0,23.4359483614697,532200000.0,585600000.0,1154900000.0,532200000.0,,18.5844790993817,Basic Materials,Mineral Resources,Metals & Mining,Iron & Steel,Coke Coal Mining,51,5120,512010,51201020,5120102012,142500000.0,21.87067125433,153700000.0,United States of America,153700000.0,75500000.0,B,FY0
TA.TO,572735995.276404,8.93792899845007,0.537528604118993,0.105676533549863,-0.634826898944416,1.189,2408050091.56395,268100000.0,7927522326.37095,163019102.328722,6459517307.55037,1425.0,3253376632.96184,123994390.729943,4721381651.78242,3253376632.96184,,0.99009900990099,Utilities,Utilities,Electric Utilities & IPPs,Independent Power Producers,Independent Power Producers (NEC),59,5910,591010,59101020,5910102010,460605859.881626,23.74702,415237336.12033,Canada,415237336.12033,729741170.329988,B,FY0
TCIL.NS,460391066.212269,7.48334683317819,0.512748164464024,0.596930004242167,0.667838312829526,20.469,580120458.611893,77563450.0,255710321.324245,1063793.99780914,44692064.2648491,17.1150361605244,11182327.1665044,207352604.673807,222200584.225901,11182327.1665044,,20.2398757091068,Industrials,Transportation,Freight & Logistics Services,Ground Freight & Logistics,Ground Freight & Logistics (NEC),52,5240,524050,52405030,5240503010,15130276.2291488,11.93312,38282875.2355902,India,38282875.2355902,19446144.3099979,B,FY0
TTPW.NS,6526763631.93768,2.51097114257045,0.134065543756866,0.14917222411527,,5.209,8023405393.23113,3196991847.0,15621840311.5871,503996085.100737,11458729308.666,19.1539485199794,6441455696.20253,3503825462.51217,10604566699.1237,6441455696.20253,,13.0255935164835,Utilities,Utilities,Electric Utilities & IPPs,Electric Utilities,Electric Utilities (NEC),59,5910,591010,59101010,5910101010,429070641.166478,28.0421405429825,687450699.957218,India,687450699.957218,954125759.743057,B+,FY0
UN01.DE,293364726027.397,2.76969178082192,-0.738252593305529,0.138052451343489,0.166538338145653,,23070166109.5762,8329506651.0,130005351027.397,428766225.387415,125272902397.26,,12387628424.6575,4524828767.12329,17120077054.7945,12387628424.6575,-43.329,-268.825372709144,Utilities,Utilities,Multiline Utilities,Multiline Utilities,Multiline Utilities,59,5910,591040,59104010,5910401010,819607182.681593,27.71121,-6691702859.11758,Germany,-6691702859.11758,550969867.021174,B,FY0
UNACEMC1.LM,1572138574.80936,0.45039162608467,0.097281379818058,0.081506020928643,,10.56,860538969.182224,1805160611.0,2994759926.37392,47119570.6364371,1496782540.09992,29.3174290953082,988199579.279516,1422732316.59216,2486176965.55351,988199579.279516,,10.559419664364,Basic Materials,Mineral Resources,Construction Materials,Construction Materials,Cement & Concrete Manufacturing,51,5120,512020,51202010,5120201012,122999078.827606,30.726428775056,281988426.847563,Peru,281988426.847563,114158780.789959,B-,FY0
VERB.VI,10762709760.274,84.1716609589041,8.16472253560101,7.22646083184486,6.04705707238241,25.18,14328852101.7765,347415686.0,20501545376.7123,74905564.9231482,11544547303.0822,72.8416574840479,4377842465.75342,7836457619.86301,13334840539.3836,4377842465.75342,47.06833,26.9596862084034,Utilities,Utilities,Electric Utilities & IPPs,Electric Utilities,Electric Utilities (NEC),59,5910,591010,59101010,5910101010,487445042.965004,22.09376,1935793122.2913,Austria,1935793122.2913,1149585459.04381,A-,FY0
XEL.OQ,15203000000.0,70.11,3.36964,3.59655,3.82463,10.75,38367592054.56,549578018.0,61188000000.0,894000000.0,44513000000.0,61.405529953917,24845000000.0,16675000000.0,41520000000.0,24845000000.0,6.858,10.7535540620064,Utilities,Utilities,Electric Utilities & IPPs,Electric Utilities,Electric Utilities (NEC),59,5910,591010,59101010,5910101010,2554000000.0,22.05976,2428000000.0,United States of America,2428000000.0,4638000000.0,B-,FY0
